index,target
0,0.002869672358722831
1,0.9128288124489137
2,0.05653015287451551
3,0.0171946125568853
4,0.9977983791527548
5,0.0017012218696312656
6,0.9205670190911451
7,0.07028692008706006
8,0.012292163704481772
9,0.9617668749503885
10,0.002095599560793449
11,0.0016853837065896528
12,0.035500684451965706
13,0.5261407739490992
14,0.4041945662850636
15,0.3306421572119307
16,0.17244285651352978
17,0.9792910890310408
18,0.8492897221317841
19,0.992798656433402
20,0.09961459273066225
21,0.9150521928910237
22,0.9829901467428702
23,0.14891429981497484
24,0.9913691492217007
25,0.0034078402334135043
26,0.0021327328895118093
27,0.007593807644691914
28,0.018535368574174295
29,0.0006498806809030985
30,0.018837015625510305
31,0.0029358313509905047
32,0.0017002079312304587
33,0.39694354209629135
34,0.11803905527910025
35,0.20073556785529234
36,0.7094851192465035
37,0.004820417171084357
38,0.061682373140106314
39,0.2943560878679464
40,0.23690130762809197
41,0.9859574558039558
42,0.0036394351520668495
43,0.4643852125229237
44,0.9730879584640637
45,0.018087319624266164
46,0.8867371511938781
47,0.10642559326529619
48,0.40346580926721937
49,0.0923485770573125
50,0.05158664074781516
51,0.006012799323249898
52,0.07889005149077383
53,0.00774726757663715
54,0.09437571694391889
55,0.005673552172689569
56,0.040234488630682796
57,0.9931167313006716
58,0.010976592678253749
59,0.8578593228681268
60,0.06111985262730079
61,0.004846810022399225
62,0.8875168905788242
63,0.5527031280588817
64,0.11677878744673809
65,0.0031278769206258897
66,0.01265194361092637
67,0.9520859102821775
68,0.9933197263953997
69,0.3807861140567169
70,0.03609572588360431
71,0.6403223658069772
72,0.11357219548815488
73,0.23561516189018356
74,0.21250230174391896
75,0.00897788499664283
76,0.001144659870450789
77,0.002963554756252998
78,0.023773094380869306
79,0.5867820290450885
80,0.18515080694824892
81,0.34064775004724795
82,0.11920652427961617
83,0.17027080523221133
84,0.06265373910730966
85,0.5358595312461965
86,0.8019206905276415
87,0.014187370008100235
88,0.12455241964698809
89,0.0009989392975257834
90,0.7295736329036349
91,0.017627093983658026
92,0.11894080484464037
93,0.015989279107637994
94,0.08593900482536253
95,0.7193457342564693
96,0.4360807548349297
97,0.10991645002751832
98,0.9918596873336467
99,0.4005842102379701
100,0.0024944971944946387
101,0.10264440120590543
102,0.05370253235737424
103,0.18684378157518752
104,0.6904930227154721
105,0.03337395999387324
106,0.9227277798178963
107,0.6649631106027966
108,0.07710868268344988
109,0.22392086879403633
110,0.9823456549264058
111,0.014098797591134568
112,0.317904137258504
113,0.007355074961569063
114,0.006872812092654474
115,0.18634720622948484
116,0.9491995379174862
117,0.21505645344772317
118,0.3218609242099134
119,0.996567963070038
120,0.996218946832498
121,0.0011933003153776307
122,0.261282869449652
123,0.12740051095307378
124,0.10105457288857679
125,0.15072412292308934
126,0.019002855334859778
127,0.25300454947809337
128,0.051914855841625376
129,0.03866622881297709
130,0.0010778513701151192
131,0.032257399452765484
132,0.9961328527154217
133,0.025552049576350034
134,0.9878902398190175
135,0.9852273822375919
136,0.9961407698468587
137,0.9605669111633944
138,0.9059380496424365
139,0.05836675244851638
140,0.018094106815791454
141,0.2594253460419364
142,0.0090226891667986
143,0.030443192833344606
144,0.001849309617318899
145,0.9969573868426378
146,0.8906191591430248
147,0.9705484551975787
148,0.9878294652430042
149,0.05461541339629265
150,0.5471410099711438
151,0.11303602777741656
152,0.15760790901052113
153,0.009776062948648002
154,0.02337345843519784
155,0.028572396402020313
156,0.5562354588129239
157,0.7558934353065563
158,0.3576922960737748
159,0.058214927708598076
160,0.006068744093287584
161,0.6419088976491505
162,0.05457052569824164
163,0.9003939336970278
164,0.025142284469453213
165,0.12954044146946425
166,0.14243865174005654
167,0.005526325645464025
168,0.9916027192710197
169,0.002135947385056379
170,0.009807378174926318
171,0.015137828645474208
172,0.035867179418505445
173,0.9561831357504392
174,0.005791880156598071
175,0.003399255094867508
176,0.9938784177352333
177,0.9812358342091998
178,0.0012553587479755
179,0.9178878354418879
180,0.16054410856627288
181,0.028709266753472126
182,0.8057001927768586
183,0.3279998132086224
184,0.9868016111745384
185,0.09173221794572048
186,0.654970316187022
187,0.004689576745576412
188,0.20445056219144261
189,0.05391407882613765
190,0.005874997664688157
191,0.9719210192107686
192,0.12139225567920725
193,0.04732671123373322
194,0.09040399884178753
195,0.9952928141573286
196,0.06134642927529013
197,0.9944853988893381
198,0.10627563585076318
199,0.38942843279909445
200,0.08386429217697702
201,0.015318269331236749
202,0.9894813810466926
203,0.0036224856038352153
204,0.01608108154662204
205,0.003014334066558856
206,0.1353645855675848
207,0.9414479674822154
208,0.03729995287947259
209,0.9990896318338656
210,0.09667093730785394
211,0.0022881875682512396
212,0.48836988547563737
213,0.0035254472055388395
214,0.046769852413389656
215,0.08156731529842709
216,0.03064950484375467
217,0.5857516544489626
218,0.8648695748643163
219,0.4201453342045228
220,0.19020104366186064
221,0.029798936573075495
222,0.0056292480685452735
223,0.017990113425055757
224,0.2816456000581976
225,0.9939077401789094
226,0.9795959299625967
227,0.07234081390071027
228,0.9824604665041301
229,0.0014300029310804151
230,0.015154264267150705
231,0.9978768792095702
232,0.3698634497816151
233,0.04439321937314778
234,0.28214736660531314
235,0.044738007232763825
236,0.18589640431775242
237,0.6595413335703377
238,0.01799634768051011
239,0.9891178787036277
240,0.03983298699286978
241,0.011019091929648391
242,0.1643241455024219
243,0.3994499206387029
244,0.8785316405481858
245,0.13812602515671207
246,0.16404133222733372
247,0.011811798056380555
248,0.4669681533957863
249,0.9986927885275669
250,0.1224236088676309
251,0.06296623408156315
252,0.03796247125027305
253,0.0865834424806879
254,0.03761208593635748
255,0.1841762414704412
256,0.21404504787492007
257,0.8748511054752858
258,0.004404989405117241
259,0.013001315979407605
260,0.18845870184973237
261,0.007176785518736232
262,0.9992952721984643
263,0.9266162784200339
264,0.002822606359532063
265,0.09943653534859467
266,0.9479486018029263
267,0.2629860891742147
268,0.004160718633404107
269,0.0014034013467992433
270,0.683831205174519
271,0.3636080984645558
272,0.03478796139995362
273,0.011772343017732449
274,0.9989989182249368
275,0.9991199307523411
276,0.15853597264545252
277,0.009700609463110065
278,0.005701228837751261
279,0.01713933528657779
280,0.9868037275121435
281,0.9537485872565272
282,0.9929866159640753
283,0.0018086139341475253
284,0.1056878049539214
285,0.03152627234991488
286,0.01721694180193833
287,0.004882042640683594
288,0.997520178000314
289,0.6134967786466905
290,0.19700242336881263
291,0.9723632126479044
292,0.9485936853090424
293,0.9915887637447438
294,0.0011493383966320893
295,0.08497132886711332
296,0.07623009694632607
297,0.22280859680435453
298,0.005785084106888327
299,0.9961143095255747
300,0.16392061200972488
301,0.9875888615953728
302,0.889254115474436
303,0.08937768071499204
304,0.8232384289560517
305,0.8046182211337839
306,0.09097242519392487
307,0.014557471635925665
308,0.6259915192446988
309,0.5333767240386525
310,0.9967961766769102
311,0.07027592000376676
312,0.24405443122131287
313,0.00473369060975092
314,0.4523289110352119
315,0.02972066944956375
316,0.9805732544874792
317,0.0620642037889417
318,0.0014397166140058435
319,0.7719468444749258
320,0.12877020402504763
321,0.039313641698297194
322,0.0008408803165666932
323,0.030825991098741935
324,0.03508968918950023
325,0.8893607190761301
326,0.06818979744616126
327,0.9002269064615291
328,0.005207880075288828
329,0.006916010842867013
330,0.8396668736643724
331,0.020085821188554426
332,0.12106961465663946
333,0.08594667492079192
334,0.2346373659067984
335,0.12737137107979035
336,0.09021713603163659
337,0.9933489886700542
338,0.002338348244662853
339,0.013634674466039255
340,0.0015666506313468244
341,0.9946332684901213
342,0.9737011274617932
343,0.23260282407959215
344,0.05607045612581325
345,0.9930055883519417
346,0.5223117263437587
347,0.08583877055732657
348,0.001675736914858274
349,0.3746378734253075
350,0.9990589453172178
351,0.022662256015032682
352,0.08074340916130687
353,0.032834463467931854
354,0.05972929484274207
355,0.07932750242406164
356,0.9617893752931155
357,0.013737162191197114
358,0.9927560886166125
359,0.24897370681621922
360,0.12948940297890665
361,0.6696097195910946
362,0.004531717512913822
363,0.09027336083138536
364,0.0145080731922199
365,0.7662389252316961
366,0.01406915972250627
367,0.6320564258178221
368,0.5175659160891966
369,0.9799660063123317
370,0.931860007810923
371,0.8868169814160789
372,0.00507594013681889
373,0.18132385810249974
374,0.011344376594531714
375,0.8006708040187722
376,0.31227835158416956
377,0.0441548330243982
378,0.007065518562528488
379,0.008904412684680122
380,0.03971423852179113
381,0.26663174004552614
382,0.9673998189938753
383,0.04923652604329279
384,0.08551305477354869
385,0.2758572598048262
386,0.017368398232632327
387,0.5736064925455446
388,0.1160831479465388
389,0.018285745409912593
390,0.8734340164952856
391,0.03141907587076689
392,0.01046040799183349
393,0.9290740141548497
394,0.9931003405441208
395,0.940966918868683
396,0.9634102621988457
397,0.6285905642438783
398,0.13382397805554294
399,0.001117472395066524
400,0.0877896271669113
401,0.0032365952246485013
402,0.010602463794179545
403,0.3354279532821569
404,0.016010127872804758
405,0.020164595258371498
406,0.992534042213824
407,0.43570918822592897
408,0.033745421308982386
409,0.12190224967027084
410,0.05357508220918222
411,0.9446888055255236
412,0.15478491292980032
413,0.5454752905826598
414,0.0359876788557815
415,0.012594786395238627
416,0.9611816698298656
417,0.141194914454905
418,0.030455309658238436
419,0.9917928795298577
420,0.1047032842000151
421,0.0026031831305652064
422,0.0198422288303497
423,0.8751432709761077
424,0.9762335495906567
425,0.021220947429042278
426,0.13440441150111093
427,0.003198755417228304
428,0.9634294816325155
429,0.9971449075735999
430,0.9987256345747919
431,0.08723628555090891
432,0.2510785506774609
433,0.017463945215833426
434,0.9671901324461318
435,0.00858920092699202
436,0.9948261722748452
437,0.05155296039034587
438,0.01879574499633163
439,0.9923230295313101
440,0.9104578639505453
441,0.11286239843686426
442,0.07145163716060081
443,0.008190308442035221
444,0.4975468292625762
445,0.012585770869946722
446,0.9980299735810145
447,0.4441062301668296
448,0.0047692931280504764
449,0.7458660559116916
450,0.03110668373776654
451,0.5417134230480528
452,0.9769107361249696
453,0.2658545485419413
454,0.04650002921129187
455,0.9262417531615323
456,0.8759636037104246
457,0.030590836499256136
458,0.593511995063053
459,0.5251113177663486
460,0.18475848979333206
461,0.761012392708004
462,0.29189559330270537
463,0.990146188290515
464,0.00755459201550121
465,0.9952179186811165
466,0.9864726707578257
467,0.0037325195917555275
468,0.512401561999851
469,0.9929354512134745
470,0.0409409420358351
471,0.4317371411876343
472,0.9963536409504199
473,0.05770935858483927
474,0.030010021351456643
475,0.0059624453147110665
476,0.025373924649180826
477,0.1018698176317216
478,0.04778891812888963
479,0.7151254459035704
480,0.01115998572791408
481,0.9975323503032136
482,0.1278585424033874
483,0.9848176191684155
484,0.8405413508546191
485,0.004350953806228616
486,0.016476818971797175
487,0.27976520243437153
488,0.0074983436287882
489,0.009215491068951582
490,0.07013269271043727
491,0.015134733206747162
492,0.0020540368006281124
493,0.050286651052558855
494,0.6957237052731176
495,0.14322849335093724
496,0.025361628281727017
497,0.7727071185694432
498,0.44318913606831356
499,0.08179169633719799
500,0.9860149446858947
501,0.08985560095668614
502,0.1504208331915804
503,0.44660624664921483
504,0.9496699619083576
505,0.1751223133771139
506,0.007133495003746319
507,0.9946444553324796
508,0.9342874071008833
509,0.026623316448927684
510,0.029500572913528374
511,0.5765003933309134
512,0.015930052113470105
513,0.993291179648741
514,0.9927289025572351
515,0.9594650929053959
516,0.9934227879960481
517,0.36055476387446717
518,0.17923184091452943
519,0.10053631808773728
520,0.632621896006092
521,0.16889993685977717
522,0.9730806365858871
523,0.587209395723689
524,0.10159368669960579
525,0.9684060422220461
526,0.4977662552494782
527,0.006172385276703924
528,0.2604978060093745
529,0.9898494307466738
530,0.007775276301501021
531,0.0019003610325055212
532,0.020781371220117466
533,0.010810118477841413
534,0.0022439748758644883
535,0.11059800040434253
536,0.09711285085607337
537,0.9725535208109071
538,0.03699178498011646
539,0.9426838571922653
540,0.3246188970627735
541,0.10793519755283612
542,0.0009217829853492788
543,0.4386151542223738
544,0.6774528615836074
545,0.007487005186593458
546,0.24487270542337813
547,0.0009378648327085203
548,0.021820373924783105
549,0.051847321310043826
550,0.9720924917169734
551,0.9378366853986319
552,0.25250683329592893
553,0.022808250671863827
554,0.09570096903236701
555,0.6745508301903756
556,0.00903134102211338
557,0.08915312257267732
558,0.5067380490832669
559,0.004239943225869607
560,0.07259477299047373
561,0.3542593457082414
562,0.9959102981344119
563,0.3374912562884167
564,0.0015789740369072604
565,0.8759984227520328
566,0.02642801258219439
567,0.003958121732047822
568,0.4479648054943362
569,0.24290525641028776
570,0.1672488132205563
571,0.2762356626470216
572,0.9042523719498976
573,0.010119063519819248
574,0.5789149312642813
575,0.07116802948039883
576,0.988401426704466
577,0.001700230630171891
578,0.01751473230433678
579,0.25090945320160285
580,0.05803334932321154
581,0.0796706660848203
582,0.0032079181031531194
583,0.003472672950830005
584,0.0009597384580593149
585,0.41621622150033144
586,0.43986136544753124
587,0.8337709574851024
588,0.003018084119990044
589,0.20391840843859188
590,0.05583143823646364
591,0.0017014142618270991
592,0.10604567059587319
593,0.02381055829746485
594,0.0787782015395927
595,0.08658357190007661
596,0.16499653811736537
597,0.07040150981657116
598,0.12536930987630307
599,0.9851704308653052
600,0.024934114709923735
601,0.00860119923051542
602,0.006719124966314964
603,0.030407706336151346
604,0.9260478525168849
605,0.04792652953163425
606,0.025974181926056376
607,0.002797992503930169
608,0.0025500022734761484
609,0.0026036948953275085
610,0.02438075961274574
611,0.039576711160325066
612,0.026245573799081448
613,0.003220459447494456
614,0.2365678146663926
615,0.5896901606138201
616,0.004562308499157862
617,0.03423501009558526
618,0.0028045670275000756
619,0.032022979552030484
620,0.007647734170077261
621,0.0022871237119881185
622,0.584704676515502
623,0.008048407368182289
624,0.015034298424743851
625,0.6963153356238558
626,0.964757553044312
627,0.9969090979685457
628,0.002676172281885517
629,0.958835289956948
630,0.005332085549950311
631,0.03498449568168173
632,0.5220014600517308
633,0.9946624260663286
634,0.04159176103733517
635,0.4030051969649361
636,0.009220788853031053
637,0.0030706694947697944
638,0.0014617311940561663
639,0.9861757346377547
640,0.17071723194230265
641,0.8796193241787934
642,0.04135674915823244
643,0.005803321719159182
644,0.9597738346637759
645,0.00326846737156407
646,0.02012541853706899
647,0.03502853939902757
648,0.10296653404422812
649,0.24930515974413273
650,0.0717610297134133
651,0.9934790509127505
652,0.977163797596281
653,0.05856114147545677
654,0.036021970316835086
655,0.0011712053477478245
656,0.20420984428068578
657,0.9752983638683057
658,0.6245663070190343
659,0.13630371298571126
660,0.00532128456769057
661,0.7261556032965769
662,0.09885163823688212
663,0.5081301346089204
664,0.5800209330310507
665,0.01913367057239879
666,0.02859010354148295
667,0.9951207432890083
668,0.3649750821006955
669,0.6484419831787087
670,0.019961257852669848
671,0.4397749320705443
672,0.00825026003275266
673,0.035178698591947846
674,0.9992230834140154
675,0.026265042502437254
676,0.023580029602059502
677,0.6021756811213358
678,0.04356536681861754
679,0.834884933101262
680,0.10106864258306403
681,0.04558664039334476
682,0.9867392461781155
683,0.1692119950801991
684,0.16972822444051575
685,0.19392976365912615
686,0.0677911987231669
687,0.03926138154136642
688,0.9952274543377204
689,0.09195645624480249
690,0.9870471985463953
691,0.07872742537712828
692,0.003985440106680443
693,0.8168977810335726
694,0.018243200284850877
695,0.8992602996134833
696,0.012027519514787689
697,0.3351011252453082
698,0.9989739012637726
699,0.0352337592447893
700,0.011026117965961807
701,0.22836769754666617
702,0.0013144022760934705
703,0.0011199271726619665
704,0.019018258453263333
705,0.012028763881432515
706,0.05997462596054246
707,0.4444851222339439
708,0.0443714729757631
709,0.012096226691231638
710,0.015620645428241035
711,0.027076773683081166
712,0.9988426026841808
713,0.018278818729697617
714,0.9791244495814901
715,0.040214037548391646
716,0.0030488758632080106
717,0.34313764349205583
718,0.030393596777929854
719,0.010983938632874633
720,0.042656357565285755
721,0.053663357072841165
722,0.34138805193924027
723,0.8741511417368775
724,0.9806216549338741
725,0.9029100118511344
726,0.01892254834300552
727,0.9672593289805617
728,0.10687538752060798
729,0.20095101890054295
730,0.2211627239865694
731,0.005104878110541708
732,0.9900500760289497
733,0.9808264618563103
734,0.1621993172523386
735,0.195489791715643
736,0.9395112155477428
737,0.010921801992530329
738,0.3850134386422535
739,0.5797182413008587
740,0.9953517972170983
741,0.9103630419357845
742,0.39099113061959856
743,0.1726356529365434
744,0.06770013427987917
745,0.009686974512247567
746,0.9688316509292931
747,0.9526979516634118
748,0.07125738212695584
749,0.8783326161420336
750,0.015072546938882408
751,0.05989403913086083
752,0.034421792514070605
753,0.3952343594421354
754,0.013489706304662799
755,0.009422393705411012
756,0.20679264081870544
757,0.0383808406594176
758,0.0018430526267020065
759,0.007283562974682939
760,0.8935700849184802
761,0.05313569724578834
762,0.8669212691505574
763,0.022056327024715546
764,0.004574508258345067
765,0.9842816187207231
766,0.20166541323215273
767,0.904438134578172
768,0.196324448043641
769,0.6424210742912173
770,0.33045258525650867
771,0.017376831982496736
772,0.9950294329197342
773,0.0027041708697203405
774,0.515142784603065
775,0.9980945204540443
776,0.6582123847098337
777,0.004175134875422079
778,0.8566434500300772
779,0.3154923183960488
780,0.005960486352186297
781,0.005658808113473436
782,0.7926695616005948
783,0.03143265218892081
784,0.7480955130813242
785,0.9911619891806809
786,0.6849625728771767
787,0.00216622881323361
788,0.9796681806859104
789,0.01963277938366184
790,0.9240583662380321
791,0.05612996450562591
792,0.058466627437061706
793,0.05588908858242164
794,0.31746703258103925
795,0.09184872430004963
796,0.128425266951602
797,0.0036307317611288118
798,0.8014481877588022
799,0.24498937301436768
800,0.6689163443479414
801,0.7882209394626023
802,0.002113706757612561
803,0.0042646642899909016
804,0.07697342345837523
805,0.03234350583291728
806,0.006207008826964793
807,0.042068036849946575
808,0.09558559167704223
809,0.3618075182909345
810,0.04065584498164963
811,0.021616291563353887
812,0.9924167320039383
813,0.12684034266503214
814,0.9794758150875729
815,0.015373563228593368
816,0.19968662384569869
817,0.9802917867452218
818,0.6817798739079901
819,0.005278140560903274
820,0.9935547602849978
821,0.9991895825465683
822,0.06220345181005103
823,0.015964036266021858
824,0.4224611032249377
825,0.0006397581152142542
826,0.11562671502422747
827,0.12475446569519044
828,0.025264884943198146
829,0.9946058459049876
830,0.9585471140888444
831,0.010404714413238331
832,0.9966793897535955
833,0.589584501921582
834,0.8979945672745292
835,0.0010780430896138971
836,0.2298186929670413
837,0.26343061524079747
838,0.276574107606104
839,0.9969265501803892
840,0.1883784807840624
841,0.02299146227555813
842,0.2091382083421714
843,0.004854759397971751
844,0.6911573665819635
845,0.9988713000012186
846,0.9990250489129875
847,0.006994160989725901
848,0.0016250152399047222
849,0.9225315149587989
850,0.46917475185911195
851,0.9221457609322914
852,0.14321630994163742
853,0.022252672216466828
854,0.9904270194110883
855,0.004834919461817029
856,0.9278064482099861
857,0.9906543220430913
858,0.012300093053365218
859,0.9186509796198059
860,0.007455958149085184
861,0.6200479230639332
862,0.5044049648015092
863,0.9802744563842318
864,0.0013500275835681122
865,0.394760684875225
866,0.9477395541355227
867,0.015347385176452935
868,0.044202607265160405
869,0.9282477518700766
870,0.020507246635256784
871,0.9993447493811676
872,0.03894492701455711
873,0.023036662459104056
874,0.9851588951162794
875,0.6530550437093798
876,0.005496265216218161
877,0.14034105173520714
878,0.20851290637160114
879,0.7740210588760262
880,0.020637177580699564
881,0.05203430238886918
882,0.9475365781442845
883,0.2840737918427993
884,0.05394660126612464
885,0.9866752962383014
886,0.007612762687079695
887,0.9891378013698369
888,0.11328980961655429
889,0.007338529730955996
890,0.11999697527581771
891,0.7851309641067069
892,0.32069508181876333
893,0.06059671381683404
894,0.698895389377386
895,0.47609592105111875
896,0.9516552561078846
897,0.10709629227318967
898,0.0008806959501096554
899,0.7875396982194871
900,0.21117656980387836
901,0.011925078919692309
902,0.502059144599296
903,0.8953542373166182
904,0.038824221712790125
905,0.9955526272769658
906,0.057865354301352714
907,0.004019735109649937
908,0.9969712551869216
909,0.008327342475810191
910,0.06462829350382066
911,0.07759158867884373
912,0.034729712856311455
913,0.0546689512674349
914,0.034916760233768544
915,0.021024803269551518
916,0.16791099385912994
917,0.6793825499219036
918,0.07853921914350603
919,0.8947824187650794
920,0.0034424817703730994
921,0.013992780665285896
922,0.023371231947143762
923,0.99911663151274
924,0.9727349050688158
925,0.9826892002136335
926,0.03906920195260313
927,0.09227198787509652
928,0.0019297163275772394
929,0.6881924184901677
930,0.5709567209853392
931,0.016977241830535842
932,0.9724259873815138
933,0.010802617604465572
934,0.05353104360876315
935,0.030789353237097798
936,0.9967507337714713
937,0.017740794515046794
938,0.007987488541701972
939,0.6711068089952855
940,0.014722927718968565
941,0.992901025092158
942,0.980632121112121
943,0.9990727700063889
944,0.5355710305513185
945,0.2245213513789281
946,0.010659141804874143
947,0.9574385052351687
948,0.030773339894466376
949,0.042057570112276885
950,0.9967034789335106
951,0.33799649154497
952,0.2262961356999314
953,0.016508587782863012
954,0.06928491069334675
955,0.5689331641446402
956,0.9804101832986925
957,0.3178625753398488
958,0.004238691390995792
959,0.6942588152851396
960,0.003425560274920089
961,0.967978929166307
962,0.046433733331830006
963,0.5501330941418825
964,0.626820424630107
965,0.07493508525785339
966,0.3400558693798055
967,0.004135866649305065
968,0.0069898273185565775
969,0.0018659304715551816
970,0.19826226641820877
971,0.03742877442619246
972,0.9994505772426889
973,0.2090400857637596
974,0.4839066771583416
975,0.003913024687737693
976,0.007125720514616534
977,0.8687587360364675
978,0.19626284670994945
979,0.9981274329414463
980,0.9491786117117811
981,0.994945668283459
982,0.6076223372874487
983,0.02292024317940885
984,0.9803823373766696
985,0.01765850441421192
986,0.9953650393134077
987,0.3377395989824699
988,0.20528404880695056
989,0.8435420341473876
990,0.9873772445456865
991,0.05134339440548418
992,0.00952346833681863
993,0.02527958588029184
994,0.01395557635480568
995,0.9989295300229379
996,0.027572038621095363
997,0.004717901223451131
998,0.2684406035417073
999,0.8949346387158812
1000,0.9898311473775462
1001,0.9967438807793968
1002,0.0020144833600984286
1003,0.0033086215749462728
1004,0.42104087535614526
1005,0.9769801571876311
1006,0.9989775986829318
1007,0.49014659527220605
1008,0.05123063650549312
1009,0.19806679042606934
1010,0.01865541259168341
1011,0.09890792896512192
1012,0.034878428093892036
1013,0.16010290606530597
1014,0.4386830089911996
1015,0.018741792484980622
1016,0.010497063059193037
1017,0.5840300124871598
1018,0.9071518929096685
1019,0.00266712639727065
1020,0.02407442353784865
1021,0.9886946645601198
1022,0.17786062582552004
1023,0.9405280941773859
1024,0.004764035568102676
1025,0.004788808719125661
1026,0.0061830905736826244
1027,0.22154037674416868
1028,0.007722905446808924
1029,0.2745850083428389
1030,0.0015795192245624142
1031,0.04047985012506458
1032,0.5384200963146154
1033,0.0036230020400809023
1034,0.6613909215138806
1035,0.0060356007140063735
1036,0.10427508131828002
1037,0.9961068035836143
1038,0.04866497418838046
1039,0.9841111473428886
1040,0.4224714528393997
1041,0.046787820854467574
1042,0.017313958623148617
1043,0.5032831237951085
1044,0.0016786531064842958
1045,0.09206259621991844
1046,0.009978956798869048
1047,0.04694996843783818
1048,0.7594648996498647
1049,0.9032132811007978
1050,0.003760154526805593
1051,0.11960525016446842
1052,0.0172486993817423
1053,0.9827427979411683
1054,0.7323856417251647
1055,0.11881300406223033
1056,0.07317014212003169
1057,0.2301953542971546
1058,0.0011135982560402488
1059,0.9801269100376487
1060,0.16023569363609644
1061,0.07808082049771216
1062,0.00288103730420177
1063,0.10816723010399844
1064,0.9737200736446394
1065,0.07116844271405011
1066,0.005401494990476258
1067,0.28445856734247693
1068,0.2776602824744617
1069,0.9942098352047566
1070,0.4967455164813562
1071,0.45268846532667906
1072,0.007957908208394376
1073,0.9477975687959728
1074,0.004159029570463223
1075,0.004047029727696266
1076,0.0008400726508960509
1077,0.018960654913049137
1078,0.038151593313657035
1079,0.8729388989575811
1080,0.0033842442295054283
1081,0.020771904319654463
1082,0.9634188777734369
1083,0.028910413848189716
1084,0.8911552529987581
1085,0.6617666083382571
1086,0.9100823032032941
1087,0.2012737450306059
1088,0.002730108198075596
1089,0.9719606979390931
1090,0.031617853565601005
1091,0.9892876095172372
1092,0.028025664568063276
1093,0.06450786796354077
1094,0.9993096537361321
1095,0.9308134858315212
1096,0.031015787222764102
1097,0.6666217462453536
1098,0.015376580384075817
1099,0.5008020509113543
1100,0.28939164614387
1101,0.03019190985160979
1102,0.19824414661594814
1103,0.1887945219308531
1104,0.06902060377982079
1105,0.42305354108613363
1106,0.45269954152301184
1107,0.09500552328135138
1108,0.012602222457734121
1109,0.2205878627707889
1110,0.9555855038430053
1111,0.0045087637510073915
1112,0.028842720694557806
1113,0.5363420551332029
1114,0.45764881343252006
1115,0.3047376377904009
1116,0.1145371382714843
1117,0.9562254688593371
1118,0.2663404883098659
1119,0.005185799097192796
1120,0.032850154780059024
1121,0.0484893487328773
1122,0.014322360017506044
1123,0.7202939320309302
1124,0.008697413569013728
1125,0.19404080456773168
1126,0.9799547974899492
1127,0.4815214181244305
1128,0.010061313034621282
1129,0.047948340969222396
1130,0.006866846517188375
1131,0.011913286571663795
1132,0.02966372450911002
1133,0.001389740032697298
1134,0.9991940307892262
1135,0.007528477037684312
1136,0.029071902929838075
1137,0.0010338516509620821
1138,0.9786680103546255
1139,0.22492417118632263
1140,0.6335969460357902
1141,0.9965872917341405
1142,0.0033449952501054415
1143,0.021154632478920327
1144,0.7037765276661929
1145,0.9702188610909559
1146,0.9994315085084906
1147,0.05301452234412238
1148,0.004740438841502854
1149,0.5605603808539277
1150,0.9142448577012527
1151,0.000972411218708114
1152,0.11501193655482145
1153,0.9951045741459292
1154,0.11664531318560742
1155,0.013479152358476215
1156,0.12367787101504335
1157,0.3854947396024179
1158,0.586822191218274
1159,0.9217336657752817
1160,0.0066836035593347345
1161,0.00915797966438494
1162,0.3508395043907298
1163,0.029903357054452913
1164,0.29656946247165855
1165,0.02856544110317511
1166,0.43690451712747325
1167,0.9834449864538384
1168,0.9941766835118945
1169,0.925288841744933
1170,0.005814386962416447
1171,0.005580040947573824
1172,0.9917672251632177
1173,0.04752350298533242
1174,0.038279466961132956
1175,0.07098657487142565
1176,0.07985694691641734
1177,0.003441327534686224
1178,0.009508666603154189
1179,0.0059902813283231856
1180,0.9886918221739316
1181,0.09007116577218394
1182,0.019102553355755593
1183,0.07980255429528353
1184,0.5344328321064129
1185,0.014748383049461236
1186,0.942449839241834
1187,0.004202869822363713
1188,0.004026255173770569
1189,0.21339809295129292
1190,0.07417072355900114
1191,0.054036762552272466
1192,0.9202248448283838
1193,0.07687512514860247
1194,0.049505971007422246
1195,0.0032612726697385528
1196,0.3745930745621454
1197,0.9817130291946756
1198,0.11486324615037627
1199,0.991994326867356
1200,0.602819876731552
1201,0.1482122580525598
1202,0.1346848297566911
1203,0.021666974738417586
1204,0.5781703303731952
1205,0.013413937039954499
1206,0.5078879212154993
1207,0.01857423882143941
1208,0.15050571562532192
1209,0.04918444177370691
1210,0.9900146474706811
1211,0.2534047426200845
1212,0.01841845512540662
1213,0.0036672338953573063
1214,0.024496879367068687
1215,0.023306599872577743
1216,0.012005016698423635
1217,0.8086492429514126
1218,0.042513308979743945
1219,0.005930411630057487
1220,0.7807401689461024
1221,0.08496355024677965
1222,0.6402636216136643
1223,0.06216248905661822
1224,0.11391105337023669
1225,0.7241145640505362
1226,0.13232350231232132
1227,0.9906361334303844
1228,0.06833266277280312
1229,0.8367223485433553
1230,0.0017355339784361201
1231,0.9850824966380929
1232,0.8436956822515009
1233,0.011798660031504177
1234,0.013577742124883772
1235,0.7838324341930554
1236,0.573815303226326
1237,0.2970402378091117
1238,0.07522683642806133
1239,0.6022020323402889
1240,0.7942139277610398
1241,0.04978018454419794
1242,0.016541962438101382
1243,0.44537548729378595
1244,0.678512812068361
1245,0.021858517350511038
1246,0.0012611881381290155
1247,0.018694900463286798
1248,0.16615012373205656
1249,0.9976989250993227
1250,0.22060810796267813
1251,0.005392741120743963
1252,0.9042626075044233
1253,0.9881925710519822
1254,0.9993577216361347
1255,0.9105628730888669
1256,0.20206650869049736
1257,0.9897192069561422
1258,0.002757307338402442
1259,0.9992989603405739
1260,0.5206569616899714
1261,0.061582499193255286
1262,0.0011025248676398188
1263,0.003330738640758186
1264,0.06796033294839829
1265,0.9857618954339932
1266,0.014052033986069211
1267,0.9888560326383818
1268,0.07878349513290427
1269,0.018104432794903556
1270,0.28317247992971495
1271,0.0065046834665411345
1272,0.08636276178072379
1273,0.3547619300784197
1274,0.9574781077859311
1275,0.22194578616080768
1276,0.032537199707542486
1277,0.3558061225597182
1278,0.3540632771030152
1279,0.018340111891596435
1280,0.9873680390302404
1281,0.010567667770816054
1282,0.9841207951893883
1283,0.019213329970536493
1284,0.050005858502744784
1285,0.4911264570873425
1286,0.10604874104644293
1287,0.6085080984378748
1288,0.27643765476507065
1289,0.0018706217589690532
1290,0.5064352426944622
1291,0.1921801964860147
1292,0.13789720834764108
1293,0.03506620912015663
1294,0.142127650327291
1295,0.4764886198769114
1296,0.937885584427969
1297,0.054930875303810384
1298,0.01593601551823649
1299,0.0045927917914684886
1300,0.411616073586313
1301,0.01024889331490074
1302,0.111363568014071
1303,0.983173063003415
1304,0.04204371481411089
1305,0.9988368545148782
1306,0.32775984846674605
1307,0.01310875065878193
1308,0.005950305452104303
1309,0.9970612912380084
1310,0.04506364179029839
1311,0.03436057731655466
1312,0.6348363290500204
1313,0.001412873208698571
1314,0.9373763069085008
1315,0.023488108318342117
1316,0.05411310077246766
1317,0.5339703019427499
1318,0.2601376659804649
1319,0.38269739936085806
1320,0.3685187602178114
1321,0.9925319656219044
1322,0.05200833669756096
1323,0.03296592614254108
1324,0.04931367726304452
1325,0.011495203614197782
1326,0.9627069297255388
1327,0.939406534331948
1328,0.00886637098079994
1329,0.12307858509962152
1330,0.9718796289313869
1331,0.49744264882061995
1332,0.01718045572672595
1333,0.03713754523170979
1334,0.9580213687627205
1335,0.36292914228640344
1336,0.013178163375031186
1337,0.003040856139073087
1338,0.010372022845815586
1339,0.05563204794535633
1340,0.4807701584784975
1341,0.976148975911147
1342,0.98906046796662
1343,0.1089784805789641
1344,0.35293673121095404
1345,0.11748046342755464
1346,0.9991220709771061
1347,0.9601972924211413
1348,0.046992767031330915
1349,0.008114937726357681
1350,0.03677214314753361
1351,0.015093678608260943
1352,0.33565120827121003
1353,0.03643953034771834
1354,0.16121470275868405
1355,0.9960876486468756
1356,0.020045850087822937
1357,0.4298068031423353
1358,0.16766540814137781
1359,0.05337883292565363
1360,0.9557967143152454
1361,0.2961263162384241
1362,0.9498483836539211
1363,0.9833917941148806
1364,0.015227364670260344
1365,0.9917817009306357
1366,0.02789257580523447
1367,0.9954367558551762
1368,0.9084386739612313
1369,0.3320230902440009
1370,0.20173155802566403
1371,0.12479774991646297
1372,0.011798328558354446
1373,0.23315446686927202
1374,0.006144945208822867
1375,0.9871359797080483
1376,0.04079608944682964
1377,0.9993660278245687
1378,0.07185901147326357
1379,0.014805525631171206
1380,0.9599597195359715
1381,0.8073680692292416
1382,0.0005526817613003128
1383,0.9981381536853008
1384,0.011517043571576993
1385,0.7868065205031031
1386,0.8374670815686531
1387,0.9878758656504426
1388,0.9453187646323062
1389,0.9988144931677353
1390,0.007587812987328355
1391,0.9955725171621077
1392,0.2911535721824442
1393,0.6694005861382933
1394,0.0012847174839458041
1395,0.8707658869347132
1396,0.07515051347271856
1397,0.01231605631151314
1398,0.011950827374272232
1399,0.991807685019195
1400,0.01691899855109849
1401,0.011204757036500724
1402,0.0038829945091897453
1403,0.332527817907735
1404,0.007720041243661992
1405,0.021185234270636063
1406,0.04227405782585532
1407,0.23725425671918268
1408,0.007199153034638946
1409,0.0011448415183573715
1410,0.00485350616628412
1411,0.16172139295861065
1412,0.6988719757000594
1413,0.9719685947372003
1414,0.016988705019070228
1415,0.10174916225437147
1416,0.9925557783308016
1417,0.024995389499511307
1418,0.3870344953631276
1419,0.7574452503217988
1420,0.19043123521050104
1421,0.994397133100241
1422,0.016256041543413466
1423,0.0007071327274740149
1424,0.005509560669546285
1425,0.009342227695081584
1426,0.02280696675663714
1427,0.009148489305909873
1428,0.017053941383939245
1429,0.009283671242654548
1430,0.10957677024586998
1431,0.8703344589161784
1432,0.07023857728186551
1433,0.8905135484197302
1434,0.7478278302065615
1435,0.010151448300793925
1436,0.0006652432447695644
1437,0.9487353894883311
1438,0.006827115104967929
1439,0.9958061541404581
1440,0.008908160290081228
1441,0.030214742442093934
1442,0.44695432034406796
1443,0.00826960116235404
1444,0.15512989275616296
1445,0.8697953787879525
1446,0.9288149679178301
1447,0.13344688870389376
1448,0.08624989214006228
1449,0.96919498542959
1450,0.15407098439703343
1451,0.002608675611530225
1452,0.2267048701365014
1453,0.9938418899497533
1454,0.9909312448827634
1455,0.09115913831628729
1456,0.04661721302118295
1457,0.019069940650851692
1458,0.9959536266821751
1459,0.9896771352942662
1460,0.009220574690718186
1461,0.04562695458528851
1462,0.03929341928166491
1463,0.9773483187986475
1464,0.32759515880604523
1465,0.013468697204027432
1466,0.5863224970934235
1467,0.4682600060643787
1468,0.992762465495046
1469,0.9960936288161201
1470,0.9967778830442834
1471,0.1683472399712967
1472,0.23707698827605014
1473,0.9828639265199429
1474,0.2598230018682413
1475,0.2892718954817032
1476,0.9954617451737171
1477,0.9323114109399651
1478,0.08017428884140494
1479,0.016337786619389293
1480,0.3490798795051643
1481,0.008475770166369773
1482,0.9242505030322945
1483,0.03046882407257699
1484,0.028519327209025974
1485,0.027817366141015144
1486,0.13398922474059785
1487,0.37716787916927896
1488,0.25205163153393934
1489,0.0767139031679837
1490,0.6870238969127324
1491,0.001927645905534286
1492,0.9928446169126767
1493,0.9981742880307201
1494,0.998302090068505
1495,0.18980089398594105
1496,0.9266497268279378
1497,0.015470612273975802
1498,0.8835412157670457
1499,0.8142106146477244
1500,0.05588161690291692
1501,0.04401083141609739
1502,0.20352301315119464
1503,0.03209509057119564
1504,0.04671643915424403
1505,0.413016674010418
1506,0.1335083995329334
1507,0.5397842710563564
1508,0.03311727743297163
1509,0.0029251423455394655
1510,0.04445704401738117
1511,0.7967998190149022
1512,0.021316684072114473
1513,0.7581732468442546
1514,0.957554260279078
1515,0.014300982842289074
1516,0.11532619872295291
1517,0.001936385117424306
1518,0.4061981599695617
1519,0.02162756529655471
1520,0.015456986838967936
1521,0.0041538318808671815
1522,0.05813066335016231
1523,0.03484032221262068
1524,0.9441529970076012
1525,0.005509319388589447
1526,0.004383720371347001
1527,0.682935769261676
1528,0.05407398099849148
1529,0.9756161142015862
1530,0.016178643983416466
1531,0.262040820131171
1532,0.9879695950452098
1533,0.08136484673952529
1534,0.028359160296214728
1535,0.0014657797193142342
1536,0.10276755469035455
1537,0.4781142809213036
1538,0.16759400509659805
1539,0.6737089093126778
1540,0.9706725191773862
1541,0.9205950232347628
1542,0.0593031739526816
1543,0.0035152201898119495
1544,0.03161802548823598
1545,0.13259033608853824
1546,0.8465360840338702
1547,0.9383828547555098
1548,0.030051943556293675
1549,0.9337790191070396
1550,0.6141710472734622
1551,0.047405335759182016
1552,0.0007674895501075685
1553,0.9450090754057694
1554,0.004079764508298674
1555,0.004696497806313026
1556,0.0032969153217302276
1557,0.036361313672127464
1558,0.011248965359393997
1559,0.29731534730938236
1560,0.008224967992311488
1561,0.05292215569209976
1562,0.24365067184666536
1563,0.5556297338881968
1564,0.07411433303750967
1565,0.03159457144931903
1566,0.005749992806872942
1567,0.13962231373093634
1568,0.6659179356440802
1569,0.2512646945931976
1570,0.037443723309078775
1571,0.45342476552642363
1572,0.1847972011566172
1573,0.2392831987580394
1574,0.5106175784726069
1575,0.031131165976641652
1576,0.872961340424876
1577,0.13210079315293027
1578,0.0023372190957058926
1579,0.6700270732690703
1580,0.9934347279274313
1581,0.9846968421359652
1582,0.15689563153286656
1583,0.03308348446484384
1584,0.17638327567438802
1585,0.9955296696563587
1586,0.012313422650280377
1587,0.0032788385057535728
1588,0.9712032104926243
1589,0.9872130647447255
1590,0.0398061510329905
1591,0.018556042536334347
1592,0.014909318202054336
1593,0.050389636987361285
1594,0.004803353753050599
1595,0.5910143179514011
1596,0.01390817285855889
1597,0.698316531493557
1598,0.21271315581433253
1599,0.12188052426199675
1600,0.03547105242187523
1601,0.2117453064122811
1602,0.26825300431080024
1603,0.952828174921145
1604,0.8996225522714285
1605,0.995466631582899
1606,0.048053162105590484
1607,0.03279857505269649
1608,0.030267626618788245
1609,0.8970524896695508
1610,0.7135894971841605
1611,0.9199015468089603
1612,0.23533308639065154
1613,0.045221560257510826
1614,0.0521849051406707
1615,0.9650843921863553
1616,0.1140147456930706
1617,0.0007574988704045885
1618,0.011776836744321542
1619,0.053552687404592965
1620,0.053060088536772104
1621,0.9396845418142288
1622,0.07986585158042522
1623,0.14659333272347738
1624,0.9866248516568219
1625,0.0018202756465504077
1626,0.005405711919515245
1627,0.3220837768233363
1628,0.9856201987526882
1629,0.03047501453360048
1630,0.022809268710442684
1631,0.008833131850247054
1632,0.010484644628795652
1633,0.9285133725049975
1634,0.8223016497596485
1635,0.0226342429756593
1636,0.06195899098668694
1637,0.31573950707588727
1638,0.9989618240951492
1639,0.040780262574430196
1640,0.19220006741306206
1641,0.0774375371429507
1642,0.011867638868320558
1643,0.05533582199058233
1644,0.016622057067741332
1645,0.004125605744309364
1646,0.05408427714050709
1647,0.3477437820784934
1648,0.006192209333600762
1649,0.00960943628894257
1650,0.10204537360450516
1651,0.09987254966596745
1652,0.13988868363996843
1653,0.022545075503784515
1654,0.0828339232446334
1655,0.05193001715830631
1656,0.7175772098015111
1657,0.12426975855428926
1658,0.1648669850764474
1659,0.20262283716244947
1660,0.007494177330556134
1661,0.5898009431654158
1662,0.17182919745029437
1663,0.408248642354735
1664,0.001755869506287331
1665,0.946576850672768
1666,0.321421077309022
1667,0.9824997451618183
1668,0.014747165200210816
1669,0.010318402870284309
1670,0.015781013028708605
1671,0.033873574512293614
1672,0.06598132828544967
1673,0.002321732945337582
1674,0.9958738228589842
1675,0.003276162192623883
1676,0.004448718746708997
1677,0.3739328815215616
1678,0.09176340482937542
1679,0.01826748804704488
1680,0.3436548009147213
1681,0.4254791371298759
1682,0.001808324817389718
1683,0.02582276855482822
1684,0.0017690284411131449
1685,0.054752820862758955
1686,0.09440291227077643
1687,0.058186256346042714
1688,0.07786608558282275
1689,0.9980709704150532
1690,0.16723596015840742
1691,0.9847202303365619
1692,0.9963692502024192
1693,0.9979526995999117
1694,0.561632686704691
1695,0.975249967422362
1696,0.993402930469767
1697,0.05465279546243832
1698,0.0969307280401131
1699,0.5492281408008534
1700,0.4574745619848971
1701,0.007278158574897055
1702,0.014706533218933369
1703,0.9992980669073972
1704,0.004593344448161962
1705,0.6367487626009265
1706,0.011957173754912263
1707,0.25071982484067107
1708,0.014674680776026107
1709,0.9898211580972645
1710,0.001893652187297291
1711,0.04305707049817965
1712,0.022453167200737274
1713,0.37543368867667276
1714,0.11555299622400073
1715,0.0017570828347926522
1716,0.014349878932026676
1717,0.1912606403320633
1718,0.06358889761517497
1719,0.04284784874978796
1720,0.0023469933741020244
1721,0.04524117954441801
1722,0.04906100336274035
1723,0.978547897197404
1724,0.0019201630745118037
1725,0.061470770802207565
1726,0.029504313681221243
1727,0.3580813164007366
1728,0.35163785535969294
1729,0.0062186607772742744
1730,0.9922120182367009
1731,0.599515094638445
1732,0.004092982875336527
1733,0.9922206924394659
1734,0.9769765685852025
1735,0.0538459027888231
1736,0.06260908817816087
1737,0.9994146334735755
1738,0.14831305193274416
1739,0.8902489003631526
1740,0.007111231987460005
1741,0.9920505328970715
1742,0.004573258324447056
1743,0.056267490381560814
1744,0.004786986615052568
1745,0.06510536423853845
1746,0.03054328312806491
1747,0.002187657820880368
1748,0.013280971726782498
1749,0.9895578795521556
1750,0.12717941714127315
1751,0.0007128565762559011
1752,0.9717308862648311
1753,0.15272778322521208
1754,0.359921003176089
1755,0.9911829374306896
1756,0.825872405751215
1757,0.03022053389630251
1758,0.16787745473628352
1759,0.004574693293238479
1760,0.6210288553689971
1761,0.017685125516692136
1762,0.9481581820203255
1763,0.5276024475130945
1764,0.07441165778465623
1765,0.06486461626030107
1766,0.036433017441065106
1767,0.944530070024306
1768,0.994367162519822
1769,0.004408348176622699
1770,0.04547414146836132
1771,0.9061251719838075
1772,0.9627910987677395
1773,0.9989567369665178
1774,0.8257250703361545
1775,0.926183379658946
1776,0.9152803824386526
1777,0.0013950215825881765
1778,0.097908119337252
1779,0.4767370138426747
1780,0.0045720525890872886
1781,0.9934989530978744
1782,0.016293440485669927
1783,0.78243681127078
1784,0.21165914721614684
1785,0.0068411760564880495
1786,0.7600424859209848
1787,0.7802142298648956
1788,0.009056479688447439
1789,0.007814472508210516
1790,0.011022612193897012
1791,0.0037187804206289536
1792,0.22483714798118526
1793,0.3236264124667483
1794,0.0036705470347516895
1795,0.07749375333429045
1796,0.2416389453525522
1797,0.1688469418774276
1798,0.018769627150886387
1799,0.029660258284821397
1800,0.030215818753108584
1801,0.01702440732852781
1802,0.12829660827515646
1803,0.6620658183792645
1804,0.0018234572972087863
1805,0.08183725495379061
1806,0.7899697590820385
1807,0.01809792092797349
1808,0.1365408813174397
1809,0.024446652660096026
1810,0.008386071455742234
1811,0.006192263363920938
1812,0.15979136907372762
1813,0.09043545628486661
1814,0.5704242164137109
1815,0.08927687283858238
1816,0.10742033777645053
1817,0.4190884751824643
1818,0.019986556859510625
1819,0.21028389190302335
1820,0.993155715876791
1821,0.00606520112610392
1822,0.22753544135068987
1823,0.1828907890774915
1824,0.040523714832102445
1825,0.9917317143169011
1826,0.029980083965502176
1827,0.9939514271347004
1828,0.0016577790074141182
1829,0.22230138437746863
1830,0.4112835454997231
1831,0.012820206339337918
1832,0.17665887713308676
1833,0.99731207685983
1834,0.05117353672287533
1835,0.004713215240986324
1836,0.020659236182524753
1837,0.052192220068459236
1838,0.015445525009617003
1839,0.020065826602731998
1840,0.049102088441244925
1841,0.9929724133818734
1842,0.0767521396202018
1843,0.13929282349205524
1844,0.004894063731829631
1845,0.984876952700056
1846,0.024259247537137603
1847,0.009248658795658388
1848,0.9491778418265093
1849,0.3110257355199522
1850,0.07386497999390347
1851,0.011940277811858408
1852,0.050118678039038286
1853,0.06527900955071417
1854,0.07590397251999045
1855,0.010491480528666618
1856,0.9804489326030525
1857,0.012065669702122226
1858,0.042675860680528296
1859,0.39548387512980676
1860,0.1260237016599844
1861,0.004138555705745673
1862,0.039298028297267154
1863,0.00860958188756362
1864,0.9506867845385556
1865,0.003938772586622423
1866,0.03186048831288123
1867,0.024420075019207208
1868,0.5292493198373555
1869,0.9831613720657549
1870,0.011314943939034785
1871,0.3772480060159672
1872,0.14899078603631674
1873,0.002989299183156762
1874,0.7700710535544341
1875,0.11937298553172913
1876,0.07751058713747218
1877,0.0021370117342336256
1878,0.0033875299012108228
1879,0.13132803449127844
1880,0.13703421035916824
1881,0.054178565268646624
1882,0.010420849894949083
1883,0.9983930600725136
1884,0.9910665271636253
1885,0.0049063268508555465
1886,0.5900029285359207
1887,0.25270258277668717
1888,0.09997421673369387
1889,0.0019602491889703097
1890,0.0074112761809900715
1891,0.39208549191061104
1892,0.8127807564051662
1893,0.9485369056631978
1894,0.02248685947063705
1895,0.0037176278228036024
1896,0.9288008187978889
1897,0.0006813603131444014
1898,0.9718385562273865
1899,0.012439905844098376
1900,0.1641630719638354
1901,0.21241438602851792
1902,0.03901027165416111
1903,0.028918860671474266
1904,0.1367435047568049
1905,0.024788479142873292
1906,0.9985509364541855
1907,0.05159960307308463
1908,0.003245595771653716
1909,0.13616364280683146
1910,0.9909482160783829
1911,0.016693781057857154
1912,0.03537881264678726
1913,0.6193382556652451
1914,0.04261967959262607
1915,0.989986870335076
1916,0.046894415020358675
1917,0.991767278315667
1918,0.6788971674212319
1919,0.36948534164006935
1920,0.18005078468521477
1921,0.9859035829007522
1922,0.14940307642306103
1923,0.003418104032655009
1924,0.9774464033162642
1925,0.31048042159718114
1926,0.9896375993879817
1927,0.9889726397360584
1928,0.5092696720427321
1929,0.10530350384171627
1930,0.9804156296082238
1931,0.014871990626844668
1932,0.02790478168858811
1933,0.12786089660362673
1934,0.11158860663456119
1935,0.9968989865606306
1936,0.15858573264441034
1937,0.007886217875654017
1938,0.02467354808523122
1939,0.04089023963738337
1940,0.20638771713581514
1941,0.005259565411910456
1942,0.9896193398132893
1943,0.3924362693977399
1944,0.0067560683964413195
1945,0.0010937908993918514
1946,0.6467128949583789
1947,0.1152684032396715
1948,0.3026526357522751
1949,0.015599118071996298
1950,0.3290961892850236
1951,0.972577366107789
1952,0.9730145887736361
1953,0.19551749383743044
1954,0.029586790303312422
1955,0.01565348807267926
1956,0.06451237592873955
1957,0.6873756185966265
1958,0.23993956286268642
1959,0.12640308901312694
1960,0.06065636614726215
1961,0.40577699933997574
1962,0.2090121686505409
1963,0.22378120362475123
1964,0.12098564890125396
1965,0.11826133289802497
1966,0.9938295598993206
1967,0.004699336754803158
1968,0.03191402914437598
1969,0.06419177123947
1970,0.1282576094206178
1971,0.9930311546972528
1972,0.9586670491743514
1973,0.01816711629750836
1974,0.9374370312980913
1975,0.7585692652121847
1976,0.0126590297568448
1977,0.9983032201781494
1978,0.0720597983674352
1979,0.9986019916728229
1980,0.9912393984113401
1981,0.6356100499248003
1982,0.17488880317340533
1983,0.04229997411867104
1984,0.24091482450089097
1985,0.05646949940044665
1986,0.1390986117893684
1987,0.7892654744918057
1988,0.001526534078755943
1989,0.015386047827611759
1990,0.46442979972245024
1991,0.9917593031897451
1992,0.10298351371148007
1993,0.006053593613892825
1994,0.7418809931485273
1995,0.37078376167536153
1996,0.361683525817043
1997,0.21106837365569261
1998,0.5919832066404755
1999,0.9627265691051603
2000,0.05373501278637463
2001,0.023684676610123117
2002,0.0749948296490379
2003,0.984532239014111
2004,0.035782912775043606
2005,0.06355936413892527
2006,0.9823689330676575
2007,0.05483057852212783
2008,0.2754649601746258
2009,0.052505238201829785
2010,0.9730438015720952
2011,0.9476038033464741
2012,0.6004180386947817
2013,0.8692570043491623
2014,0.9947977150881611
2015,0.003227192062777993
2016,0.5674254938404096
2017,0.962964643085013
2018,0.0014233850688318713
2019,0.14479151495615708
2020,0.0017670989903943268
2021,0.9779126838671104
2022,0.18600699227388917
2023,0.3189573164364779
2024,0.9923920102606169
2025,0.9667732212946967
2026,0.9486006125193442
2027,0.006911673301458447
2028,0.024160842758822836
2029,0.0017326404396797767
2030,0.9959221790347135
2031,0.23757340628714893
2032,0.9975979846737548
2033,0.5337655544248263
2034,0.9377042247935601
2035,0.9946269731639696
2036,0.017512988695709424
2037,0.012332360933137181
2038,0.013757072440332328
2039,0.9785022329423338
2040,0.006949824580421756
2041,0.8758958021364256
2042,0.34052071499259606
2043,0.9931260042808858
2044,0.8058697881240153
2045,0.001983719904060884
2046,0.004326276103077503
2047,0.25582152323740015
2048,0.21167506651308154
2049,0.9807027339248117
2050,0.986705271114843
2051,0.9499922510804049
2052,0.012569657599489917
2053,0.2766640705947636
2054,0.827384054099862
2055,0.003450431619813784
2056,0.016478577344192596
2057,0.5941616466714612
2058,0.0026127257844351147
2059,0.008944200167435072
2060,0.012802689437072651
2061,0.17961268521704454
2062,0.1818980760598167
2063,0.03680797920088682
2064,0.740670869504265
2065,0.6417980847080834
2066,0.29148596671791516
2067,0.9933067252708832
2068,0.5019778918519204
2069,0.31992415563152404
2070,0.26003949305741453
2071,0.4462929305888492
2072,0.36932348357973477
2073,0.0043708387365032145
2074,0.08724294994779906
2075,0.6899961053326455
2076,0.0025755909893062853
2077,0.21226772742314848
2078,0.004365346251677308
2079,0.05948951326575453
2080,0.005483744904936772
2081,0.9424009550406444
2082,0.14529695025524972
2083,0.033749538478354185
2084,0.8466245574138304
2085,0.03995262397322569
2086,0.007536793376733771
2087,0.004952948777973634
2088,0.9779300903897363
2089,0.03393584309006559
2090,0.6976455016905813
2091,0.08413926629554434
2092,0.03262123927597264
2093,0.013996349380039916
2094,0.5471889977350379
2095,0.9990497146213746
2096,0.21411151771504672
2097,0.010810178656651109
2098,0.9425318851030482
2099,0.5875760207067415
2100,0.9978942039365483
2101,0.018544707802330224
2102,0.646855166276152
2103,0.1970467588416097
2104,0.020999068284443995
2105,0.002941186978620982
2106,0.03458253387526691
2107,0.5495853813736419
2108,0.01088968559231522
2109,0.009992075426733355
2110,0.006861064624244817
2111,0.7796808474395547
2112,0.08466876132881523
2113,0.3093406557963287
2114,0.39966075634903386
2115,0.19079969843423306
2116,0.983764653173514
2117,0.9393684369473333
2118,0.01469411278263167
2119,0.9903921210718509
2120,0.13172361126814497
2121,0.04332911678551325
2122,0.06633304427876982
2123,0.9835320173612693
2124,0.03322767559844515
2125,0.9287016359306335
2126,0.011965249143530723
2127,0.05702800302377248
2128,0.022894977525583837
2129,0.11559299591303505
2130,0.04295071729357139
2131,0.1406108479313269
2132,0.9849762904488987
2133,0.03849551823297192
2134,0.006025693403660609
2135,0.2063965115753717
2136,0.0022502439165289793
2137,0.9980323378275924
2138,0.003918263843337032
2139,0.0742645823983326
2140,0.006653516939464173
2141,0.2728722482873012
2142,0.3148947873458767
2143,0.9330864738459874
2144,0.8639810979723901
2145,0.991694475179997
2146,0.2081758472403481
2147,0.9983269468544715
2148,0.007413078902456126
2149,0.9560547039147138
2150,0.43982795482195514
2151,0.9236696941840372
2152,0.47942711225898427
2153,0.25303571769220634
2154,0.039800672043360755
2155,0.08552151251671655
2156,0.994733672054669
2157,0.006037770082005537
2158,0.5470227424481139
2159,0.8803096324690913
2160,0.9513971781494496
2161,0.004918198213020017
2162,0.17433485521572048
2163,0.007968507098512217
2164,0.06308952616871377
2165,0.23781957340964965
2166,0.12798893545487602
2167,0.32645775747476935
2168,0.024533369171020912
2169,0.10434029951748947
2170,0.9935349739394448
2171,0.005499976181908597
2172,0.7780108924666508
2173,0.9915851638145775
2174,0.6877342290626914
2175,0.004756294994497806
2176,0.09269529048282713
2177,0.022174392752885557
2178,0.009294857551954576
2179,0.013202200722862423
2180,0.8800310689114941
2181,0.012096302587590466
2182,0.0027662394137195393
2183,0.4025186933702261
2184,0.03918290862249589
2185,0.10401646442975016
2186,0.48549166284648115
2187,0.03225419993120569
2188,0.053963360442596295
2189,0.6172311140133727
2190,0.0008006564268196684
2191,0.9776310933310994
2192,0.9868405041862367
2193,0.09894636468975843
2194,0.04969846252257068
2195,0.09718410138515854
2196,0.11424037064598762
2197,0.9719669584312521
2198,0.9700277525405714
2199,0.04797976381291942
2200,0.018772602346305227
2201,0.087871238225257
2202,0.004032151155729446
2203,0.974748077054691
2204,0.9604455012077483
2205,0.7431494785035764
2206,0.3572431341244295
2207,0.6873320537352822
2208,0.988833716765442
2209,0.47288869622417073
2210,0.25363667851920346
2211,0.05224068352939365
2212,0.6308611968046841
2213,0.00532851533656775
2214,0.0030976039999655453
2215,0.007514056161845325
2216,0.5804511656419502
2217,0.311837519134621
2218,0.04922373163355612
2219,0.0027005170746886645
2220,0.004433058583169279
2221,0.05013633718284437
2222,0.0018817169698416613
2223,0.9721328088192834
2224,0.21841250133978518
2225,0.015256317986840106
2226,0.4225146174162311
2227,0.5127170529169041
2228,0.2561957639608517
2229,0.0012721495483282302
2230,0.653318179855769
2231,0.014833611732100276
2232,0.8599950756700661
2233,0.004621774507041704
2234,0.987580564364382
2235,0.04584813166704831
2236,0.1461619628600499
2237,0.05824305332383646
2238,0.09691698981013205
2239,0.8951121261963773
2240,0.29457691905936
2241,0.01021876013480173
2242,0.005804568176202399
2243,0.23094418165282132
2244,0.0008512886149850796
2245,0.006328277302411808
2246,0.06985886686399939
2247,0.018665795830755148
2248,0.027274750383783505
2249,0.6250973629771982
2250,0.03389271373720835
2251,0.5435633182840818
2252,0.8956811072197705
2253,0.9933350627821873
2254,0.004635832444415663
2255,0.025338000246766683
2256,0.3100179396582366
2257,0.00515804689113885
2258,0.011389041729440767
2259,0.00882431153509026
2260,0.47071577160135586
2261,0.5747708011710877
2262,0.8845291918779774
2263,0.4479084087780419
2264,0.02229855236311823
2265,0.002478019504744078
2266,0.5025017602091666
2267,0.9765114185283215
2268,0.20628805931614086
2269,0.20877325220048876
2270,0.09690177548136833
2271,0.15810209356137095
2272,0.18653864683418134
2273,0.9933909896205149
2274,0.9699710813402325
2275,0.001152608861440232
2276,0.007730129618316195
2277,0.9876969746779785
2278,0.6545737391939677
2279,0.025187392986706938
2280,0.0930593795923887
2281,0.37065204698219145
2282,0.07493449450336333
2283,0.20021683063845058
2284,0.523735346603069
2285,0.06689482347092815
2286,0.9963567878710714
2287,0.04637314004553357
2288,0.0025196848862789603
2289,0.0017546082833515082
2290,0.003450316720852697
2291,0.9576882971859038
2292,0.33607448046855093
2293,0.01109446015355699
2294,0.03966567780820654
2295,0.9674260293148506
2296,0.8683903001427571
2297,0.23525971294705858
2298,0.006277688949245718
2299,0.07188017549657683
2300,0.03286732488254738
2301,0.03723538646454101
2302,0.12746182622554728
2303,0.31869110728944117
2304,0.9324065753000634
2305,0.03079653180899283
2306,0.03628254223436454
2307,0.3210162983353191
2308,0.2724395810587979
2309,0.0021746890919351145
2310,0.004943426091946791
2311,0.005593428314572289
2312,0.002672965242401503
2313,0.004004566269027244
2314,0.9922963978166833
2315,0.05270580258905294
2316,0.04802664376435335
2317,0.8277214621602618
2318,0.24276500266939516
2319,0.0007873381318151879
2320,0.17845420688994412
2321,0.9989376737441438
2322,0.5113175932935475
2323,0.17596301548553162
2324,0.9902635427830708
2325,0.09594277341398527
2326,0.4188304175830491
2327,0.004115573475884259
2328,0.996908348325314
2329,0.07171738031996078
2330,0.05436728872563952
2331,0.003992142609253025
2332,0.056085589935507975
2333,0.9970883781173903
2334,0.0009106588318738233
2335,0.09528235193343562
2336,0.02349864823598643
2337,0.9859320445588956
2338,0.047544540529791623
2339,0.9895377944514703
2340,0.012623727886511272
2341,0.002368138292310405
2342,0.29870765256612963
2343,0.9961204289661159
2344,0.019688710918245856
2345,0.0035256000695953957
2346,0.04523299816201804
2347,0.39852537498409973
2348,0.0009432514384990732
2349,0.2193554851099446
2350,0.10330037429536146
2351,0.8294008427200955
2352,0.5626076012791151
2353,0.9874881608630764
2354,0.018220771544723277
2355,0.08819220917362407
2356,0.3971666390944771
2357,0.9926886767787201
2358,0.003908313918262423
2359,0.01568115163913593
2360,0.42218932043839985
2361,0.1052236545667797
2362,0.0039846428304725285
2363,0.13271221683180018
2364,0.0528162535171058
2365,0.7170702169373239
2366,0.6625562368110056
2367,0.03753967278834769
2368,0.02514596703456019
2369,0.009134070043638292
2370,0.1257400368983613
2371,0.9969439618063125
2372,0.31595391750645285
2373,0.020369516069870607
2374,0.002614603588177218
2375,0.9920598208830482
2376,0.038808815997524275
2377,0.10579635612712088
2378,0.9869651091790455
2379,0.010523836563641729
2380,0.01142482096422371
2381,0.006380072267222456
2382,0.9558451896347897
2383,0.7251271388819462
2384,0.9950693070145806
2385,0.35198820310327866
2386,0.07174032473836589
2387,0.08318974233689154
2388,0.9969522845839669
2389,0.0028364449330969465
2390,0.14145266466876125
2391,0.10977449350198658
2392,0.021454640184973797
2393,0.02882468514090815
2394,0.9482262132646634
2395,0.023772879680893314
2396,0.014038550421824001
2397,0.6134246260300846
2398,0.020147840323116045
2399,0.29631423672961615
2400,0.0045585373418178
2401,0.01429912826700978
2402,0.010648764191164853
2403,0.3105619054349604
2404,0.9927152130347354
2405,0.047397525226442916
2406,0.12405311765956595
2407,0.3429447786467142
2408,0.19533080949733056
2409,0.07573514513105346
2410,0.04548794596037753
2411,0.033740114547188144
2412,0.0010527828944304632
2413,0.9938724801490695
2414,0.003874309511095362
2415,0.9973073780782462
2416,0.5655191900876354
2417,0.9723488981486883
2418,0.01817312035219978
2419,0.035713441841925916
2420,0.9919563858127911
2421,0.35312679598414976
2422,0.0015827833790361982
2423,0.010389224934015933
2424,0.030219794941121828
2425,0.7508543640351029
2426,0.9400694166805021
2427,0.9993756687683923
2428,0.0018179473776030138
2429,0.9877483653288517
2430,0.8737991627192834
2431,0.7983624320758473
2432,0.9904219789167159
2433,0.032896103049983784
2434,0.1232774998039948
2435,0.10831230350579027
2436,0.15882018873346712
2437,0.9940485354412454
2438,0.25425603444985245
2439,0.14406404421102237
2440,0.5490295159846665
2441,0.9986167108570164
2442,0.20176795300140632
2443,0.09787037268620846
2444,0.9773490502992017
2445,0.22129728432837487
2446,0.24749628839975735
2447,0.045210242665300965
2448,0.002615274928895701
2449,0.6800461087459188
2450,0.0391984609563054
2451,0.006380222759900881
2452,0.36369727112525735
2453,0.7494895875128678
2454,0.06639592787475998
2455,0.37367685801074313
2456,0.0031901089331966815
2457,0.9969415631975261
2458,0.2853611644172086
2459,0.896100528003586
2460,0.06042140126119605
2461,0.013402570582949792
2462,0.0080393962436107
2463,0.9306790869819193
2464,0.008488728368421938
2465,0.1319305448200354
2466,0.024562731594320052
2467,0.019200845540831478
2468,0.9850618496966201
2469,0.8216969569829329
2470,0.9966822446395902
2471,0.0028203478470915796
2472,0.1111938205704062
2473,0.018281256545125437
2474,0.001224429057493572
2475,0.007708366128235828
2476,0.9394554120629663
2477,0.026997830665197016
2478,0.014981046525900106
2479,0.07399060470370404
2480,0.991320792318077
2481,0.049055492646162574
2482,0.34287842513027494
2483,0.6655063534141333
2484,0.007142470478602551
2485,0.9100008048842574
2486,0.02641081677862885
2487,0.994247714663075
2488,0.8601374675346033
2489,0.02853013091850019
2490,0.40911835771458094
2491,0.0006793258283457496
2492,0.35421232666028524
2493,0.4847255059480126
2494,0.016335054567460032
2495,0.6954821655603904
2496,0.019881025859434385
2497,0.23426544855933032
2498,0.19792405838271737
2499,0.999277316775582
2500,0.018140275894049877
2501,0.015128460015917285
2502,0.01994772114371793
2503,0.14027393583334208
2504,0.9984517171121831
2505,0.05699622671993471
2506,0.026209285330657195
2507,0.6827158000242199
2508,0.21168362646608316
2509,0.020301645224199173
2510,0.01797387890267252
2511,0.09023878771853056
2512,0.07789489484493113
2513,0.15211821630250696
2514,0.09312417962739838
2515,0.07302639794881749
2516,0.018617799053433706
2517,0.9172832879159661
2518,0.2538530586891571
2519,0.1483158215856515
2520,0.01686010691241843
2521,0.2159316113237723
2522,0.14344574076088373
2523,0.10320310941668999
2524,0.009865705385792265
2525,0.0074279996271689
2526,0.059291202900887324
2527,0.7390514030441973
2528,0.37857436372977915
2529,0.10182810269486517
2530,0.4942497027519273
2531,0.007369054875011209
2532,0.9827210182610612
2533,0.1567992312321279
2534,0.014561157499498125
2535,0.9955155238301507
2536,0.07268519502352243
2537,0.004946859375015714
2538,0.022078616729443713
2539,0.8922663772792065
2540,0.05306763161080155
2541,0.14168154232349306
2542,0.17348936792263692
2543,0.15964840968824953
2544,0.9953914039739042
2545,0.0018755811442208064
2546,0.2995779756220743
2547,0.010526428662506223
2548,0.7331539214985562
2549,0.001288776032264874
2550,0.8732071106118348
2551,0.45544329041321535
2552,0.013812268859404609
2553,0.005726915313580892
2554,0.001979079270432476
2555,0.9305179516222892
2556,0.9867371852378133
2557,0.4810347725574118
2558,0.013865395839510342
2559,0.264464330481339
2560,0.12186866383442381
2561,0.0073242795158279615
2562,0.6379112214495524
2563,0.06891382884509842
2564,0.9544824987654074
2565,0.5789462638688119
2566,0.12443327643101855
2567,0.9938084497445965
2568,0.039163953483686315
2569,0.0056827913974500325
2570,0.011225284494729133
2571,0.31417834396884164
2572,0.265055191182652
2573,0.05275803116553952
2574,0.027063556473100284
2575,0.9909026885535501
2576,0.9987909594105553
2577,0.05807521872660887
2578,0.020698878366596906
2579,0.332254920436331
2580,0.27452779799651944
2581,0.9637704756079748
2582,0.018853923412262406
2583,0.07923132395722648
2584,0.22258166999069812
2585,0.07535046320483013
2586,0.00594062304621087
2587,0.13094588354405684
2588,0.7861965969542982
2589,0.003613149484493534
2590,0.004977274611196384
2591,0.03077712867998843
2592,0.43112980332653345
2593,0.23661287822383653
2594,0.17249198382180897
2595,0.03641652878067165
2596,0.02754370464002812
2597,0.972055883063891
2598,0.9921227513849433
2599,0.12314187144110521
2600,0.24034143334425406
2601,0.046993392312902095
2602,0.033838805254748076
2603,0.9755489078206685
2604,0.9711832864490089
2605,0.014976804901580272
2606,0.08759871240047858
2607,0.2666843332572344
2608,0.998858286021082
2609,0.01494262134600081
2610,0.9830669415578952
2611,0.9382844544871853
2612,0.00536827431599559
2613,0.46720446675100197
2614,0.0025233685166620497
2615,0.0061361098975919424
2616,0.010485610850099032
2617,0.01781937358205606
2618,0.010278926360390978
2619,0.9947419343162596
2620,0.011377286586620294
2621,0.9988956542408353
2622,0.19085409601970926
2623,0.017383689462011402
2624,0.06853449087771613
2625,0.06607764518355415
2626,0.9516971949494331
2627,0.005155647337455892
2628,0.3518748832071928
2629,0.9903471743200865
2630,0.27664610368639936
2631,0.7699734310434498
2632,0.9961619220298383
2633,0.16445122437090082
2634,0.9939096770885394
2635,0.6498442801806359
2636,0.9992426504672735
2637,0.41362374890990733
2638,0.01056697989316486
2639,0.033888670724986164
2640,0.011336652882260293
2641,0.01205814000028859
2642,0.28994915107994396
2643,0.9984953201935347
2644,0.9503106573815004
2645,0.002731245552861518
2646,0.0006899221129744559
2647,0.8421150824171205
2648,0.005376019397596191
2649,0.9284438429034589
2650,0.34593158722350814
2651,0.05521433149905884
2652,0.6190895561747931
2653,0.5285439139817824
2654,0.014935890745155465
2655,0.09104096735481099
2656,0.12685199561493427
2657,0.8604968227987759
2658,0.7730041130121854
2659,0.5013273928455021
2660,0.9883104337509414
2661,0.001046622516275839
2662,0.0009509611018407324
2663,0.009616642750150405
2664,0.00790689426096659
2665,0.9886697067238807
2666,0.9964268703173442
2667,0.09053084690738857
2668,0.3211595201918756
2669,0.1202987125716734
2670,0.7581343939440287
2671,0.5151716664460047
2672,0.046039899577705365
2673,0.04579991468303377
2674,0.04189984550186772
2675,0.03310862499585178
2676,0.9901021158180692
2677,0.9991877168333818
2678,0.04130775396943925
2679,0.02928903835649013
2680,0.99799936267476
2681,0.016130908142466933
2682,0.0029155865747536964
2683,0.7939480460240262
2684,0.0016135552920126272
2685,0.19167290245603008
2686,0.9758439135540936
2687,0.006674311433052368
2688,0.9046490351495182
2689,0.1119624413507351
2690,0.006494011335475827
2691,0.04227803936709149
2692,0.004807354840169396
2693,0.10546496417244008
2694,0.22826901438637506
2695,0.14668973830471083
2696,0.10398824496140018
2697,0.9946729766609216
2698,0.4806511856966503
2699,0.12479242796961287
2700,0.29708495980545696
2701,0.9790177847301829
2702,0.9761030250965974
2703,0.9953659567948202
2704,0.9698696156732934
2705,0.29842061212193033
2706,0.016165069846190892
2707,0.9992790572987714
2708,0.0015059232028883313
2709,0.9629051212016878
2710,0.45400813354265923
2711,0.0033064413264352953
2712,0.10040924738205398
2713,0.04036310928646579
2714,0.9565921407436736
2715,0.1524940248063713
2716,0.0023308339750451245
2717,0.9892872583617487
2718,0.2819469088488783
2719,0.1007904015551147
2720,0.7288574130900234
2721,0.06389677180982138
2722,0.9892806683871134
2723,0.016493274851767416
2724,0.2681138034775523
2725,0.013545290009859996
2726,0.8648080727331711
2727,0.9881465442876255
2728,0.009381123142576886
2729,0.26473698979253807
2730,0.5850534941786536
2731,0.017361026353914986
2732,0.21992292242559006
2733,0.0032241978936734627
2734,0.006868268560822698
2735,0.01095764933391907
2736,0.20369566859292249
2737,0.008558821937074626
2738,0.805827145670436
2739,0.10931064330698637
2740,0.9521724098137185
2741,0.9990784642998715
2742,0.9989769214167317
2743,0.12312069025602598
2744,0.26431458406924035
2745,0.92490989666425
2746,0.9625231826067445
2747,0.7504362639283736
2748,0.08108638662666291
2749,0.0906223138935494
2750,0.010026302899013954
2751,0.029496142127488672
2752,0.19745603154629143
2753,0.09549969516168366
2754,0.05254765471128185
2755,0.8442981527236462
2756,0.23553438773883006
2757,0.036949222428373396
2758,0.1253703894182756
2759,0.05478194099843699
2760,0.2310218349067451
2761,0.8153993541514983
2762,0.9931283304672192
2763,0.4839783120565867
2764,0.010512389223221806
2765,0.07997957279569282
2766,0.14985345617167503
2767,0.6773629321862952
2768,0.0023857732471320382
2769,0.9967338230796698
2770,0.022743382474521685
2771,0.06985289503464875
2772,0.16942910285267634
2773,0.9863167474473793
2774,0.2234519670186537
2775,0.2867457155705937
2776,0.6313770352411144
2777,0.030183418920421062
2778,0.11392101528687598
2779,0.009489503227791478
2780,0.1792153457427045
2781,0.8521539477727804
2782,0.0023318624641661422
2783,0.001098385280549901
2784,0.02195946517666244
2785,0.007450140576013401
2786,0.0017848735253367175
2787,0.0037483762745414992
2788,0.07316681853890505
2789,0.03311426427223847
2790,0.017227144228077265
2791,0.010254057639745094
2792,0.9708513008711334
2793,0.9809662130831667
2794,0.23014341519760553
2795,0.22106510075494312
2796,0.00992117276926146
2797,0.01202695913249426
2798,0.634698184212859
2799,0.9241979078783336
2800,0.07452380212326033
2801,0.9744556377533448
2802,0.015110239947338965
2803,0.9865214937888014
2804,0.045293293947265265
2805,0.04911837022867774
2806,0.014754936644016446
2807,0.02088901854457317
2808,0.00814589868222043
2809,0.11243070090760938
2810,0.009764739029939042
2811,0.005036396231892268
2812,0.9932508238920603
2813,0.007767844444358959
2814,0.002370061847118259
2815,0.9381633719358651
2816,0.027329156015043148
2817,0.04110318790068994
2818,0.7527802316796178
2819,0.9960758725016563
2820,0.9847701667792126
2821,0.02521496092702903
2822,0.14316952425592203
2823,0.33315898134526445
2824,0.5541811591371923
2825,0.026037227823569802
2826,0.9954368530334399
2827,0.026569472555173477
2828,0.012793506501412456
2829,0.957053731037889
2830,0.026956982614837782
2831,0.013706793006955346
2832,0.25511351264041277
2833,0.9291739219992727
2834,0.9867324916287816
2835,0.005135665032641069
2836,0.011981660463982332
2837,0.14778684436688685
2838,0.030198246980719323
2839,0.059216917742545394
2840,0.01022604248343727
2841,0.9953737473206197
2842,0.9981319275488489
2843,0.9864191444002395
2844,0.009332266721873582
2845,0.005465433452834227
2846,0.3750072508207122
2847,0.0023916352629463765
2848,0.014232871427510695
2849,0.03123142402212337
2850,0.06828151888963827
2851,0.9143617941385158
2852,0.007986488773073888
2853,0.9738733356268834
2854,0.0013995217246609618
2855,0.6282916194983551
2856,0.008239276530159658
2857,0.21952874967601083
2858,0.01055227192232943
2859,0.06159111244492803
2860,0.00479852333450823
2861,0.11661717394719363
2862,0.44891132635261694
2863,0.01129092699718001
2864,0.6260431259635498
2865,0.9745996114676989
2866,0.002423987704058653
2867,0.07324363360411497
2868,0.001348987860071187
2869,0.04785490797110334
2870,0.0089222231210192
2871,0.022412935510518518
2872,0.423656238186407
2873,0.09734762548602066
2874,0.01353991782268006
2875,0.07948531665555555
2876,0.01183248487298921
2877,0.04421754848396331
2878,0.1892618027709116
2879,0.08350030399522454
2880,0.9045605460430604
2881,0.5210629325447322
2882,0.36932658050407724
2883,0.005036341573575673
2884,0.5850448233810639
2885,0.9858421081384041
2886,0.9992095273159378
2887,0.8772277940205634
2888,0.037234279399410465
2889,0.011547135115530006
2890,0.6767937313482806
2891,0.9865537555989137
2892,0.0025957748980904
2893,0.3327472333860246
2894,0.19412726423596688
2895,0.9910071395796092
2896,0.03652667620162442
2897,0.008709715339660648
2898,0.7327829183292226
2899,0.03933177897851963
2900,0.03408774638803568
2901,0.04403327818067996
2902,0.10641050904383781
2903,0.0013104158049560464
2904,0.026296371222561652
2905,0.6455440871993294
2906,0.12412175276538759
2907,0.0014010552705130206
2908,0.14998612094768815
2909,0.019074572344637716
2910,0.5743572457184629
2911,0.025305612715752955
2912,0.8637992160521302
2913,0.014834611335143227
2914,0.9939923177177147
2915,0.2157425091573706
2916,0.22472370148577017
2917,0.03691041038977308
2918,0.8616292535080587
2919,0.04133974414585656
2920,0.06386446303944537
2921,0.24030198402040492
2922,0.06210754971714379
2923,0.009044034930346341
2924,0.9415701795915801
2925,0.9469155174178544
2926,0.8288692201766483
2927,0.1461333208901179
2928,0.908927580300264
2929,0.9869527563158356
2930,0.07780610405307051
2931,0.998509371032699
2932,0.994283219582246
2933,0.14017250754688423
2934,0.011435109964984745
2935,0.31488855959250917
2936,0.0020615324149821997
2937,0.013497102010795653
2938,0.9141767413419704
2939,0.9879346328183045
2940,0.7127004580820191
2941,0.003402844952800405
2942,0.9539827079621142
2943,0.00596066013776202
2944,0.3032718618852681
2945,0.058775068121037985
2946,0.07042460265051723
2947,0.00812335668160252
2948,0.03000743988685809
2949,0.007892325012226198
2950,0.023163113252527054
2951,0.002527105759187181
2952,0.48839312164526777
2953,0.9971387220447154
2954,0.2287261756696987
2955,0.027787968678498292
2956,0.993357502256702
2957,0.45046815496358783
2958,0.02095490399939841
2959,0.08398312691921117
2960,0.01130398320079272
2961,0.0013712111743173702
2962,0.9115797224767713
2963,0.1941622789150385
2964,0.9498625884044108
2965,0.9527649542828127
2966,0.03269078258968042
2967,0.4466143456190239
2968,0.004096773809851559
2969,0.1877171861636144
2970,0.00889106058007227
2971,0.1147777628511321
2972,0.0025273330447269735
2973,0.24546663464613538
2974,0.9343122328113423
2975,0.255853134907738
2976,0.028821897331551362
2977,0.9969542499585771
2978,0.002099933528729151
2979,0.03569937443741646
2980,0.0035477041420745713
2981,0.028464265696992157
2982,0.8536708395986564
2983,0.9548282927154512
2984,0.08885834281497633
2985,0.14593120690503453
2986,0.0252363252843239
2987,0.05136754321805807
2988,0.039311112768729485
2989,0.041972590231568054
2990,0.028211410741802077
2991,0.9273349129785042
2992,0.9816916758221087
2993,0.3216762588501289
2994,0.38128724701508004
2995,0.03516513017137627
2996,0.11406864676864281
2997,0.17124037624346736
2998,0.09244710127620887
2999,0.7560088383880023
3000,0.17479402531039112
3001,0.0011594235022036124
3002,0.9808614098568098
3003,0.0011903855089031327
3004,0.3348053623959601
3005,0.9783126425334681
3006,0.14625811217127388
3007,0.10229745013479921
3008,0.5426092136205448
3009,0.08149115835257317
3010,0.0052116592965738015
3011,0.020711211210888918
3012,0.9770238368052444
3013,0.4611144134298806
3014,0.0026457245792553164
3015,0.0018678292458740194
3016,0.0024145562120487956
3017,0.9603311409919929
3018,0.019685446880099627
3019,0.829837951963675
3020,0.0405537222905906
3021,0.2885007745856322
3022,0.9911653949016854
3023,0.0030431509086705335
3024,0.06575543895125671
3025,0.31414296031576455
3026,0.9702393681389321
3027,0.11990729713959476
3028,0.24714514438004104
3029,0.23570781051084322
3030,0.014566329367998872
3031,0.017302305289127122
3032,0.038501357082093964
3033,0.6858700303251193
3034,0.30861533161538435
3035,0.6801150438391084
3036,0.30609628104666686
3037,0.1401986109256186
3038,0.5308621683721086
3039,0.008126698817528312
3040,0.03536588380749573
3041,0.019361644094661113
3042,0.9283915708494705
3043,0.011637927696939223
3044,0.06933763875895112
3045,0.8948346654024527
3046,0.024781167271480865
3047,0.006798151048854587
3048,0.9924724341212927
3049,0.9630679517779601
3050,0.9986370779497667
3051,0.9885822710707137
3052,0.005797839056104238
3053,0.9547958013795013
3054,0.19046057624284535
3055,0.02793498753764099
3056,0.6888291896930447
3057,0.0043886882480224584
3058,0.9984870322212029
3059,0.000951144544285399
3060,0.9463020869316054
3061,0.9990413949797674
3062,0.22484869528812224
3063,0.24883117585809467
3064,0.0568640523756796
3065,0.0029054977116183757
3066,0.7126756831021959
3067,0.11185404342135698
3068,0.6724329475206091
3069,0.008874163235506067
3070,0.004093537123416026
3071,0.001990308590510721
3072,0.009829112383488079
3073,0.26681102902792087
3074,0.7243598588555924
3075,0.16462671241790156
3076,0.0019761016530691613
3077,0.9967432572610471
3078,0.9964951908116575
3079,0.07395288530466804
3080,0.005042085834402112
3081,0.13362659703586527
3082,0.9015263723719698
3083,0.012944312010474555
3084,0.22330691742077358
3085,0.4852735384234447
3086,0.014926299091934294
3087,0.01244372470081873
3088,0.05145643058838221
3089,0.07785160118879998
3090,0.0137659346083374
3091,0.01988909301893451
3092,0.0038434393782505122
3093,0.8424803092106016
3094,0.0037497421667162167
3095,0.11256512010235101
3096,0.07981025957506793
3097,0.018243639760264118
3098,0.99909088761636
3099,0.01008415035099319
3100,0.016725453208311945
3101,0.005436001943185989
3102,0.0028044864253111965
3103,0.011965328007411298
3104,0.18631317433331082
3105,0.4289900289840003
3106,0.08718678898503729
3107,0.9367450124172848
3108,0.005212540167591741
3109,0.0030805882959165556
3110,0.0019041393829602768
3111,0.11665749504985679
3112,0.0009154457904862487
3113,0.016729953109825595
3114,0.005482412465178327
3115,0.945051376284777
3116,0.0987508816356347
3117,0.0013190451777040585
3118,0.3424621814702607
3119,0.6059896400576708
3120,0.0006329099776666027
3121,0.0074692369370573455
3122,0.019322035541416118
3123,0.9966255586786492
3124,0.0238203094915189
3125,0.34614871940717495
3126,0.006541908963820189
3127,0.9753504064456392
3128,0.006586332115100361
3129,0.018300435154470513
3130,0.6508494478294008
3131,0.8559358081104891
3132,0.024071728296411615
3133,0.020071023787494487
3134,0.003939288058003573
3135,0.002260328149772239
3136,0.07290392688314973
3137,0.022053552794517078
3138,0.04655606327894356
3139,0.9956143649597826
3140,0.22563271018699654
3141,0.002838714551478435
3142,0.9738337909815652
3143,0.8688822999203056
3144,0.9952300470702706
3145,0.042064224207288406
3146,0.023628380605677735
3147,0.11397971830780057
3148,0.3589017412083087
3149,0.9932938156107568
3150,0.000667065391371181
3151,0.46197297024424455
3152,0.004247443399188483
3153,0.005140925358058033
3154,0.02756021921288063
3155,0.005977965196933681
3156,0.013425485981075708
3157,0.21603661155640366
3158,0.0026393863678939745
3159,0.039410751095750714
3160,0.6656863718396201
3161,0.022529626787226763
3162,0.9932978797084997
3163,0.014929954239160407
3164,0.17818008445247943
3165,0.012858050466298041
3166,0.06640330373674692
3167,0.011437985004641004
3168,0.008449054544464017
3169,0.9932915973190607
3170,0.015050638280464004
3171,0.08536987578938045
3172,0.04447193720274526
3173,0.00986407579830731
3174,0.9728745328449473
3175,0.9015986790294921
3176,0.000963825815537192
3177,0.33273523522045073
3178,0.39003063597387544
3179,0.002808761914460183
3180,0.1251822506936794
3181,0.045957472588187574
3182,0.09711718498784107
3183,0.58052572148052
3184,0.0017372482341079
3185,0.40787947764651844
3186,0.09344044074073524
3187,0.9932418958362839
3188,0.0073872053796917615
3189,0.03323449869872377
3190,0.9993068000146281
3191,0.7919461685262602
3192,0.005260011786311506
3193,0.027038559028382415
3194,0.02204404580830324
3195,0.9337748440544329
3196,0.8900213404428823
3197,0.004268786701271336
3198,0.001072491496892681
3199,0.22640648855584197
3200,0.9931081329935484
3201,0.02304981537665102
3202,0.005827935661935322
3203,0.12638306831143858
3204,0.216845434328888
3205,0.9706149797392372
3206,0.9179155790837246
3207,0.01801465884012968
3208,0.12971234191048375
3209,0.9806366068783158
3210,0.003253073929703397
3211,0.9795348082661179
3212,0.049847742984035104
3213,0.9128880135497307
3214,0.027291115190817863
3215,0.040469661291790554
3216,0.9879132563502275
3217,0.9677088856748243
3218,0.9477735991117622
3219,0.98342741857582
3220,0.8945484794404285
3221,0.12812708918392587
3222,0.28550381156364474
3223,0.953950999583311
3224,0.0035547453896058716
3225,0.004851131360977123
3226,0.14647982039195218
3227,0.998012415664235
3228,0.9944458807174673
3229,0.8852229673528864
3230,0.012330930240368125
3231,0.008742549238410037
3232,0.37819652934613635
3233,0.29258935293183075
3234,0.2298376856161827
3235,0.01734740823094978
3236,0.2697467874846608
3237,0.9763844811563751
3238,0.004239456102625817
3239,0.5953706681830779
3240,0.013107737123396987
3241,0.009333190560904751
3242,0.5885666295565777
3243,0.043319813226536774
3244,0.1314257729015196
3245,0.9715375313216319
3246,0.0708441159048111
3247,0.3323433564769239
3248,0.06877426524887999
3249,0.00829471508747726
3250,0.8446009259027193
3251,0.006895564480080919
3252,0.011416955621378773
3253,0.0042743283674753305
3254,0.3134100360851318
3255,0.004372743139742528
3256,0.01108286580348271
3257,0.0015178521175636546
3258,0.9007811572364934
3259,0.02426388207464477
3260,0.4124684850256803
3261,0.2869771278494763
3262,0.02335208544497064
3263,0.36972098492221783
3264,0.005947763094833108
3265,0.06134912783743384
3266,0.13186883917429043
3267,0.9729864968072905
3268,0.9972589923654058
3269,0.04246592335998765
3270,0.1324783243642546
3271,0.9751399205781106
3272,0.36411876098561746
3273,0.023268687003957584
3274,0.0069828216657820165
3275,0.27511233172968796
3276,0.5591005234511988
3277,0.1667246236866538
3278,0.9951405793228123
3279,0.40869939572226344
3280,0.04410476037031589
3281,0.0017122290132262853
3282,0.2181191074345764
3283,0.01576238098010188
3284,0.9871485621041136
3285,0.004284556267045811
3286,0.5765299112270038
3287,0.6880853470696228
3288,0.8662704781059754
3289,0.00229474337524804
3290,0.24652282921490676
3291,0.011032064220066822
3292,0.09228863021487921
3293,0.8455320951898666
3294,0.9236080765142944
3295,0.9652357772392473
3296,0.024640521946948105
3297,0.7718515296375537
3298,0.8788977925045764
3299,0.9919955979331986
3300,0.0016908939956346316
3301,0.04594281678403124
3302,0.6720449301729637
3303,0.008709368204666045
3304,0.38290173013162804
3305,0.9988927637616769
3306,0.9989984159505083
3307,0.6559754792674914
3308,0.35663305271518897
3309,0.03663733097007226
3310,0.9958714318938987
3311,0.6895013234517274
3312,0.5668118752999188
3313,0.04171154607586768
3314,0.4106110148888118
3315,0.2179053179925771
3316,0.9644983079621774
3317,0.9861801732606245
3318,0.694441345373979
3319,0.994808110536509
3320,0.001674906224841006
3321,0.00875519923147654
3322,0.004135213270379747
3323,0.018042339501863708
3324,0.8947578509391355
3325,0.09558885261395708
3326,0.003662595544750445
3327,0.07729506169461393
3328,0.00997058307580677
3329,0.9711400888478511
3330,0.9950847280061009
3331,0.24422347856611143
3332,0.9776661364619504
3333,0.6671750443127482
3334,0.1446988180327815
3335,0.9935004067775184
3336,0.9927861849543757
3337,0.9138017940805396
3338,0.3777267271324028
3339,0.011712844530225617
3340,0.986628079673807
3341,0.9892301888874132
3342,0.7074685855140534
3343,0.011779718197764095
3344,0.4658310213007986
3345,0.3437240950436893
3346,0.9130030741130166
3347,0.6865865100902391
3348,0.7105954429894563
3349,0.006381228678389986
3350,0.21940975687923403
3351,0.48402053342087836
3352,0.7476428417171287
3353,0.013129878649346113
3354,0.002600979685088287
3355,0.2312441933935019
3356,0.007853820894389593
3357,0.3439282949985082
3358,0.0015576665597858677
3359,0.017902448646436694
3360,0.0023586863178108996
3361,0.0013738463613335605
3362,0.14234086386768124
3363,0.03793062429575932
3364,0.06356876707863025
3365,0.020232280048559727
3366,0.9339520260951498
3367,0.11685974218460778
3368,0.3787721731220912
3369,0.007067836004735879
3370,0.8840335414685212
3371,0.17778808896762244
3372,0.019986298172105826
3373,0.011311760412997602
3374,0.7869592616554343
3375,0.12253810419467111
3376,0.013287032121280472
3377,0.5605136686425966
3378,0.981749959547155
3379,0.026919486762948017
3380,0.36878522518866175
3381,0.002691332152950065
3382,0.04284044945275343
3383,0.18050125459776334
3384,0.9850716708409778
3385,0.9684385495520869
3386,0.007067535904820555
3387,0.008344981436127026
3388,0.32096683633370854
3389,0.17628668440320436
3390,0.48026075828845116
3391,0.9993496089971039
3392,0.0015992472481654333
3393,0.10015843921740897
3394,0.07715656771954602
3395,0.18023395162266065
3396,0.9967555843491154
3397,0.9983263414271312
3398,0.003954296140438211
3399,0.023569398807060132
3400,0.06304056999322362
3401,0.009005722333670774
3402,0.07729701360301428
3403,0.9840471643139117
3404,0.12200215105809707
3405,0.04105906169640783
3406,0.4970030238942442
3407,0.8310767487251446
3408,0.016207133873225785
3409,0.005043522087436837
3410,0.9976593204500055
3411,0.1572208070463189
3412,0.989028763197345
3413,0.9751037527283556
3414,0.051258438740749895
3415,0.41395818686918673
3416,0.005221132871781376
3417,0.06351247612573876
3418,0.006630773123579414
3419,0.01724657046941598
3420,0.5351662990922624
3421,0.01267836793628686
3422,0.017622772754643825
3423,0.06477049777742115
3424,0.018063491261741983
3425,0.011393698507275528
3426,0.021842922242537966
3427,0.035437502449087215
3428,0.03805259523011733
3429,0.9721174499858447
3430,0.0015601659155424132
3431,0.5528253456450061
3432,0.16112880415876973
3433,0.009683104953047075
3434,0.9949281679045372
3435,0.05066894281880109
3436,0.19584605841398903
3437,0.08958107192417866
3438,0.08407355418713756
3439,0.2622064013238153
3440,0.9784209269050445
3441,0.48994067984164563
3442,0.003208460357481048
3443,0.44851659782195974
3444,0.4737828436420739
3445,0.10223882701929399
3446,0.3479532368459841
3447,0.019473954972660624
3448,0.019829738419675145
3449,0.026378139874588896
3450,0.05025878982170873
3451,0.03232918938302763
3452,0.16080053642839143
3453,0.8879845560811104
3454,0.9992440383299706
3455,0.8841735608473849
3456,0.6040621683236682
3457,0.43055565107642635
3458,0.1122461343092951
3459,0.0015609555040035587
3460,0.06547302441468558
3461,0.9968083451615379
3462,0.23836338914835986
3463,0.03869625722814512
3464,0.009118955429628052
3465,0.03594794481381341
3466,0.0051378355695367054
3467,0.008069872037544785
3468,0.27999048150974926
3469,0.9491703602044759
3470,0.0026362878051542395
3471,0.32384072945150333
3472,0.018414831355286834
3473,0.004860064483731657
3474,0.0015535097293693108
3475,0.697262339848396
3476,0.08052902404456332
3477,0.018326855580540327
3478,0.0028746934315076614
3479,0.995057906423544
3480,0.9699929855984872
3481,0.056833012270758286
3482,0.04940247035557428
3483,0.891979489359764
3484,0.00397905051447367
3485,0.8160530408771871
3486,0.9883862325756052
3487,0.0271328407112482
3488,0.022905356598434255
3489,0.10290899708986354
3490,0.024976642324172096
3491,0.05630119018068209
3492,0.03891589331328307
3493,0.042430978687673454
3494,0.4511651643796063
3495,0.33449874474194574
3496,0.8727223843921575
3497,0.8202822777734124
3498,0.0012594485199501123
3499,0.5338016584933002
3500,0.963458044226511
3501,0.7920426480105756
3502,0.005643885595459749
3503,0.018247568259993463
3504,0.015121752065995505
3505,0.0031769508032778327
3506,0.007194533276315904
3507,0.24765800244855377
3508,0.7923694928944571
3509,0.008101890624894402
3510,0.0019455167995822667
3511,0.9602846110608132
3512,0.013804654335441553
3513,0.06713117025937435
3514,0.019259903187730694
3515,0.07058273621340257
3516,0.006203559382173189
3517,0.9907602278281218
3518,0.6593742907286779
3519,0.9956187041995482
3520,0.01921791701545394
3521,0.01628166990617423
3522,0.19889993963470765
3523,0.19052799758197267
3524,0.12533448868776115
3525,0.3551878512641079
3526,0.25155588787500194
3527,0.04217133784638662
3528,0.01170323869035439
3529,0.8454523354453369
3530,0.003994527752381918
3531,0.016296619768655367
3532,0.9974235151355113
3533,0.022100459036746723
3534,0.19626803179397287
3535,0.009732626063218284
3536,0.03348762151158886
3537,0.020023628894684568
3538,0.013160784584222353
3539,0.9655726656773065
3540,0.0016486116509263455
3541,0.1194103157935697
3542,0.011376583467179124
3543,0.8208717923521858
3544,0.06674148861712124
3545,0.0627231883794381
3546,0.01707414189299183
3547,0.001590755011636645
3548,0.01071826225072869
3549,0.008491027254634418
3550,0.008137254074359985
3551,0.9972097611967046
3552,0.9992190649776302
3553,0.27952626675655545
3554,0.6536559121204413
3555,0.9971599384333005
3556,0.22390083238759975
3557,0.7534635638735139
3558,0.003341197928768523
3559,0.30679298010502803
3560,0.004118072926065725
3561,0.07744741047154084
3562,0.05098732641658101
3563,0.9714818773471358
3564,0.3018206514832722
3565,0.978359921868436
3566,0.983777121526658
3567,0.050666007944606246
3568,0.0010058763371253209
3569,0.6964868909468582
3570,0.14921566441863404
3571,0.8653474726360977
3572,0.6439496762159747
3573,0.0009476085810620785
3574,0.026574074556750444
3575,0.2772954650290337
3576,0.9994809179096685
3577,0.022911145431863154
3578,0.9960722997355609
3579,0.9536500804263709
3580,0.18692262376497476
3581,0.0030966466021268664
3582,0.7634237924788108
3583,0.014644876030043434
3584,0.9983935698265778
3585,0.2757790472284133
3586,0.8297389577790044
3587,0.0018176277346800052
3588,0.12195750250293942
3589,0.9907136010156629
3590,0.026597110400053508
3591,0.6820210842449874
3592,0.9722012643198671
3593,0.9284669012544163
3594,0.9955088136855068
3595,0.02603805712790011
3596,0.03180397872087117
3597,0.9723121838150677
3598,0.003362870948569111
3599,0.004211847382716684
3600,0.994033897355715
3601,0.0035899826021921558
3602,0.001136693618642249
3603,0.030340224905313518
3604,0.03114110828524199
3605,0.35615034365228004
3606,0.9981207412555395
3607,0.0006616674797301003
3608,0.3674092087630553
3609,0.0010463290432842906
3610,0.16749795796079597
3611,0.6228293163334955
3612,0.26494456187711435
3613,0.9716099931931215
3614,0.9656913908031367
3615,0.025808094209275868
3616,0.014304827451200573
3617,0.03231591106471494
3618,0.9972394170941878
3619,0.8598214459026393
3620,0.10982282877496474
3621,0.7933222646312701
3622,0.007364504026050459
3623,0.9895034584806751
3624,0.010921218188028665
3625,0.8384858108444226
3626,0.7534539344690534
3627,0.6895198474911068
3628,0.3743714003452319
3629,0.07147180135082092
3630,0.986685294143529
3631,0.028570275819339352
3632,0.022316470275399444
3633,0.010428472890765988
3634,0.020681708029296086
3635,0.005795539810465959
3636,0.06618814110754831
3637,0.0296876429466931
3638,0.9562406200534439
3639,0.012732306955561743
3640,0.05520168598195638
3641,0.04492378986594442
3642,0.002377362068608073
3643,0.001335047936325568
3644,0.998825166748143
3645,0.9589627256115411
3646,0.9393415496696705
3647,0.014664991778221947
3648,0.2902953628994426
3649,0.9725101899485075
3650,0.010274467773091461
3651,0.03312198530837005
3652,0.005038901721815982
3653,0.006306957422014639
3654,0.6940187416720116
3655,0.47704331251854376
3656,0.007444965648651404
3657,0.0014146718224274024
3658,0.05395893664450944
3659,0.8341344827974244
3660,0.3327486484490806
3661,0.48666550331816205
3662,0.024013934997909298
3663,0.19646362692450706
3664,0.0057663768863966324
3665,0.4680160472027972
3666,0.9804742777618551
3667,0.029692212956754463
3668,0.8411758150491412
3669,0.7847406449288422
3670,0.2224517123238946
3671,0.0036335146101472977
3672,0.023343995366707976
3673,0.7205661672659469
3674,0.27893962012893925
3675,0.9951301157118759
3676,0.03808280645209933
3677,0.09269645647984578
3678,0.9914363543789518
3679,0.9374027457271857
3680,0.0032913199942188514
3681,0.06303150747265482
3682,0.002940415654635266
3683,0.07673109226730913
3684,0.31613934209541444
3685,0.2518328222912804
3686,0.9987753488718343
3687,0.2945105598596088
3688,0.24958453927127466
3689,0.9544512773736646
3690,0.0055008461975141355
3691,0.906304372984025
3692,0.30108638683062877
3693,0.9899838336189983
3694,0.004184473711491547
3695,0.9807585420444023
3696,0.0031023800903331004
3697,0.767769304556738
3698,0.004550486078676883
3699,0.05071214684585724
3700,0.3219753803226676
3701,0.0751169729051894
3702,0.9982201765307872
3703,0.1353801116267132
3704,0.9898216569809452
3705,0.9974716480865717
3706,0.08609873082329239
3707,0.43246291396378544
3708,0.4573091773899511
3709,0.005481772837301515
3710,0.012330437376611679
3711,0.9949643541411921
3712,0.08708544688421571
3713,0.13069959288747762
3714,0.21708457727283276
3715,0.012183721891214553
3716,0.13477765264871655
3717,0.8477752825014435
3718,0.9893496128714352
3719,0.2117092026597286
3720,0.9735432356524921
3721,0.19736812245954044
3722,0.9741907524124948
3723,0.9960699656583314
3724,0.002404015877014218
3725,0.15532224335414632
3726,0.02223886993991057
3727,0.22880635932891571
3728,0.3003723295112262
3729,0.7206028862743094
3730,0.967772275263253
3731,0.011075155013168865
3732,0.1289922844023805
3733,0.046386170292908674
3734,0.03976847118604287
3735,0.21939567773564267
3736,0.001746858721013062
3737,0.010772640926155957
3738,0.9984450244019584
3739,0.9700882747117593
3740,0.3644199657252322
3741,0.9633141573026857
3742,0.9891370464557445
3743,0.03235495281529927
3744,0.7965421853092214
3745,0.3829078835217327
3746,0.5032905079252646
3747,0.018119493542289037
3748,0.772306773170236
3749,0.009423141095917034
3750,0.06475665403252298
3751,0.009823973381582557
3752,0.011242742834350688
3753,0.5504312992008974
3754,0.9794448468695324
3755,0.003202976961195643
3756,0.010694779243334389
3757,0.015169324346671164
3758,0.002362745480605338
3759,0.7699788357170069
3760,0.8494020372540892
3761,0.9686081005809326
3762,0.5361159145855344
3763,0.3874731664738543
3764,0.03008178708674758
3765,0.43114005776723985
3766,0.011371211884239243
3767,0.2332190821693023
3768,0.10862518484891276
3769,0.9891466514157006
3770,0.049259996569368955
3771,0.9944423107689144
3772,0.4702033599807858
3773,0.013553637012439727
3774,0.002774162765569921
3775,0.11157034936912255
3776,0.11297106747918176
3777,0.06036657880910736
3778,0.0034875565531341714
3779,0.009968020821809281
3780,0.13405697242807474
3781,0.2974155531846772
3782,0.9602152620736631
3783,0.08095582216239383
3784,0.21182469302802776
3785,0.9634466778121045
3786,0.022726249144350175
3787,0.5493545295976499
3788,0.007548061128076933
3789,0.8728247020356081
3790,0.9933902944561134
3791,0.9941662109287673
3792,0.9698430944916601
3793,0.08481467660189695
3794,0.1763643213286066
3795,0.5474253212254118
3796,0.8997138277806297
3797,0.14177066706893124
3798,0.08195510985086854
3799,0.01022111611291547
3800,0.0014469533932000946
3801,0.012793700822401579
3802,0.9951277963384125
3803,0.09968488704146931
3804,0.9058042127679071
3805,0.007128275157196312
3806,0.26519202597853575
3807,0.9987866146339263
3808,0.10912202518266884
3809,0.041484672417651275
3810,0.13902091845597347
3811,0.2089580498845743
3812,0.059153919537540345
3813,0.016754331114683545
3814,0.9776182063373062
3815,0.039749782807979646
3816,0.34818650246328786
3817,0.10327538178314496
3818,0.993755446093999
3819,0.9454698707964193
3820,0.6381193181971224
3821,0.06303564772602029
3822,0.6157746094352624
3823,0.08097447355462196
3824,0.02127166194272859
3825,0.9993860292656687
3826,0.18390634270571174
3827,0.03657418303962944
3828,0.8943122622242687
3829,0.0734231427752851
3830,0.04487613831563822
3831,0.9988259362548809
3832,0.004881240016098041
3833,0.10291628278373295
3834,0.47748195631301216
3835,0.010857080945401661
3836,0.8211492324459078
3837,0.9993709825351409
3838,0.5887529728836025
3839,0.9960091729781286
3840,0.38348039443854887
3841,0.13038129529112302
3842,0.07860343689751743
3843,0.08035751466104885
3844,0.02086596015201667
3845,0.9987716590968012
3846,0.004652601785665573
3847,0.9961055409554486
3848,0.0015471853525314777
3849,0.007317997802374417
3850,0.5787461692908951
3851,0.9957544195755718
3852,0.018983565374651554
3853,0.7304471522901301
3854,0.9300050264469203
3855,0.0021110186067824508
3856,0.03205508520014087
3857,0.003748293001550646
3858,0.012270844259643527
3859,0.035747497002732165
3860,0.009465834358589305
3861,0.020896359688553783
3862,0.005915060934711501
3863,0.9933377813982358
3864,0.9992529390839364
3865,0.14436943361690985
3866,0.9993358884930876
3867,0.011309566064247222
3868,0.7882960678400219
3869,0.009581948078362823
3870,0.7716599541271114
3871,0.0322046561024927
3872,0.9112691533677882
3873,0.4089741304222919
3874,0.0598021330390105
3875,0.998364860776185
3876,0.1262437513537324
3877,0.9967374264496315
3878,0.01699798308503893
3879,0.003349195785301015
3880,0.9991609984046501
3881,0.9979765211611209
3882,0.2885749484715492
3883,0.4184961887192207
3884,0.004271485847929133
3885,0.0520174239907993
3886,0.9765582976211475
3887,0.3434137714248074
3888,0.05836058514358444
3889,0.24681839351933857
3890,0.029060193031163584
3891,0.9749153048924932
3892,0.0041230274916317
3893,0.9335687574320092
3894,0.1907660505620345
3895,0.2708156103487276
3896,0.22109315578364097
3897,0.9879125057725743
3898,0.4031697674895991
3899,0.38099444164001095
3900,0.02830941072435881
3901,0.0010775645147524974
3902,0.9850840141038202
3903,0.8054006654995888
3904,0.01355529767565503
3905,0.04805878410345812
3906,0.9943473057900292
3907,0.021007550127167735
3908,0.0993971987524292
3909,0.9994430586620493
3910,0.0018665004027365504
3911,0.003806642568626816
3912,0.3503929592362601
3913,0.05156744034995539
3914,0.9640051815562181
3915,0.1412230132128227
3916,0.6289611360840904
3917,0.06389337123782701
3918,0.12059213706372472
3919,0.005371976683675606
3920,0.09670885629178497
3921,0.0012969661357258224
3922,0.24867824542352446
3923,0.02616073705601779
3924,0.035891125559079626
3925,0.9939293707899298
3926,0.34634390811433724
3927,0.013488304798092626
3928,0.0459466713313763
3929,0.9353080450195024
3930,0.9973066661259222
3931,0.0010620156882273472
3932,0.49888141725726926
3933,0.0016496277499397816
3934,0.9281886001257694
3935,0.003922846156656391
3936,0.03950002420814773
3937,0.2304937940937845
3938,0.9891997243607566
3939,0.055735719263851194
3940,0.12332436865732875
3941,0.9798620971569334
3942,0.00900501507461372
3943,0.15236421956541088
3944,0.9388227923592585
3945,0.9346317637936137
3946,0.03641462582620532
3947,0.005142967223659047
3948,0.10007661137824528
3949,0.9938782321587161
3950,0.06791875925276322
3951,0.030341917098221417
3952,0.9903920499734882
3953,0.004736527025058399
3954,0.9988255360346504
3955,0.003406975474794084
3956,0.08179235995709522
3957,0.22619384088362693
3958,0.05207962852320892
3959,0.9869037805228688
3960,0.057886327996151864
3961,0.017071249478137054
3962,0.005341753927180873
3963,0.9568801246022649
3964,0.21938272212641086
3965,0.1431323256698497
3966,0.4845983454417442
3967,0.021798911214445316
3968,0.0006455906406810004
3969,0.049086451928867854
3970,0.11166734581165778
3971,0.9966498551876679
3972,0.39387215542656084
3973,0.4159440849937573
3974,0.013154349484218206
3975,0.868457814098246
3976,0.9910952409960223
3977,0.11317913126198467
3978,0.024612167086860353
3979,0.6418887353103311
3980,0.9576571745095883
3981,0.9885742925083308
3982,0.9795954791722685
3983,0.0022512398022360705
3984,0.7543955143686445
3985,0.006888525773808833
3986,0.7022728985708828
3987,0.0009123368851166957
3988,0.9092000155458753
3989,0.003982547594770211
3990,0.5371464280137721
3991,0.960311217573023
3992,0.0022496477966310632
3993,0.17309836699900602
3994,0.42188847376815986
3995,0.9816352145385452
3996,0.37334960426133873
3997,0.0018205511407860513
3998,0.09193200026307088
3999,0.038382638364027805
4000,0.007532057003414458
4001,0.016305847816700657
4002,0.0036156885084856543
4003,0.15613654451536027
4004,0.7218404073471825
4005,0.38894110993005876
4006,0.0731788111838539
4007,0.0018805412876746
4008,0.9988592625621268
4009,0.046288753670664026
4010,0.998828462992972
4011,0.9670894722386607
4012,0.025594725691226512
4013,0.03189814678365634
4014,0.9994887258072606
4015,0.9591339411889142
4016,0.05170906574078099
4017,0.0762032495493703
4018,0.20512352393065755
4019,0.014612027555658555
4020,0.014211698016276662
4021,0.052166377748009495
4022,0.0088900086818804
4023,0.006977879901413816
4024,0.002335367891508162
4025,0.8933614074556222
4026,0.9486638496200421
4027,0.005346461715047254
4028,0.061005977907836205
4029,0.020151766115195716
4030,0.0032498157045076454
4031,0.9774610783301925
4032,0.24073478372959958
4033,0.014230329388026899
4034,0.05077622697015701
4035,0.05507178201825695
4036,0.006392294424611606
4037,0.0033406977967695263
4038,0.9964724579863439
4039,0.0024409889396363304
4040,0.6723734225697474
4041,0.9961027353725708
4042,0.0628951132427226
4043,0.043365498497252485
4044,0.008717415412901094
4045,0.0008408627780272959
4046,0.00699993023624852
4047,0.29679418133283214
4048,0.1425890452489212
4049,0.031520585156906866
4050,0.10779817037401156
4051,0.08904625139676522
4052,0.07982667828376644
4053,0.9470912224949135
4054,0.0198918729225985
4055,0.005324687192015405
4056,0.051172649903099776
4057,0.16523505461098817
4058,0.6693933281941877
4059,0.027062813181080253
4060,0.08211470124844361
4061,0.991070734442581
4062,0.05261284179653758
4063,0.5534706722886276
4064,0.2679408072012788
4065,0.1201676510557302
4066,0.015968531809812433
4067,0.5494313342748177
4068,0.010334758015058622
4069,0.013677394504859185
4070,0.07534005076834475
4071,0.9928231813116681
4072,0.001966544150317792
4073,0.03729166797765841
4074,0.03929820557371981
4075,0.005471459915255192
4076,0.6614423407863264
4077,0.06622609739375125
4078,0.34159170436379116
4079,0.08164064070523978
4080,0.0011924922730593695
4081,0.9061733604728448
4082,0.9604771520738227
4083,0.31489543590362273
4084,0.010414633293830303
4085,0.07445501084431624
4086,0.09827904041990969
4087,0.0027000509112655923
4088,0.17556118168471652
4089,0.00623353917550657
4090,0.3177324525693213
4091,0.0014830840259672275
4092,0.31382810484217094
4093,0.4043044454697814
4094,0.0046012867808823505
4095,0.018437998103196067
4096,0.009266495831925197
4097,0.06926493202123898
4098,0.013659689796830373
4099,0.9772982265104038
4100,0.5060259476894626
4101,0.2021564077506376
4102,0.05421203523807069
4103,0.1376691012697372
4104,0.9937838898301541
4105,0.6560053777236411
4106,0.1568937666905176
4107,0.8547002829764188
4108,0.9929760454209531
4109,0.9898478994904516
4110,0.07981736983792974
4111,0.0005548506406880014
4112,0.989491363388401
4113,0.44094229303675236
4114,0.03648329590988274
4115,0.004594144444195922
4116,0.014431503525368226
4117,0.9973868490639661
4118,0.07064892716306112
4119,0.24511038964254733
4120,0.9814078055754235
4121,0.3595456139568684
4122,0.9072086938427997
4123,0.002823316329011328
4124,0.49670459130106287
4125,0.01090974583667296
4126,0.11769370662251866
4127,0.08250643257837591
4128,0.2802174307238369
4129,0.2736603138303725
4130,0.017301647895666093
4131,0.3292402423800203
4132,0.932502089943485
4133,0.9871134957860801
4134,0.012953385038095453
4135,0.2624126567627614
4136,0.010125845507102958
4137,0.9525048963795497
4138,0.0010587099032020228
4139,0.05463885357823096
4140,0.9994360841418608
4141,0.9440769469404982
4142,0.1268862855577923
4143,0.03681224857069135
4144,0.9875265548053063
4145,0.11000578768765534
4146,0.061788212913593814
4147,0.3849909560252015
4148,0.0649118353277895
4149,0.026138824906430512
4150,0.15662981944561455
4151,0.03126842919981567
4152,0.03566187436450767
4153,0.2962076357095926
4154,0.6595558884239917
4155,0.9115412055936067
4156,0.0317692023933849
4157,0.0011042813911467542
4158,0.9880426313287439
4159,0.2904140416164946
4160,0.231431796504586
4161,0.5303093948563667
4162,0.0071295763765211444
4163,0.005691749054057118
4164,0.9951284056377665
4165,0.2756816980253695
4166,0.008702700049883147
4167,0.9911838794386076
4168,0.22998579275217387
4169,0.04932624000757865
4170,0.999191353344346
4171,0.010498632324024352
4172,0.8839331784081768
4173,0.036081424368404676
4174,0.005602539731272865
4175,0.3031921975069013
4176,0.01959532694536102
4177,0.0019889171602730546
4178,0.6304618966314204
4179,0.02396424748343295
4180,0.9681962859574048
4181,0.5200206069301861
4182,0.0051115222147514305
4183,0.8708134172515529
4184,0.991184746924928
4185,0.9649251322019319
4186,0.9889317882448185
4187,0.12294506259585691
4188,0.008260814860546644
4189,0.0393804279074499
4190,0.0008553682169809176
4191,0.31294757158835723
4192,0.9613643670527403
4193,0.13811958003545127
4194,0.9814812445232902
4195,0.041010921267493686
4196,0.9992423594174196
4197,0.9038839187168499
4198,0.08337462611736772
4199,0.9778629618684932
4200,0.0070287201947564866
4201,0.6472313562138313
4202,0.1488807707430681
4203,0.11195356998051317
4204,0.0255022986184629
4205,0.04953042849838708
4206,0.5734090622749757
4207,0.06544277555039883
4208,0.3386735816656829
4209,0.3889774666662206
4210,0.3584691713241908
4211,0.04396421025285697
4212,0.06118526058133121
4213,0.32824695980079344
4214,0.011589806916290331
4215,0.0058814712511712905
4216,0.007506065664836255
4217,0.9981100991451565
4218,0.9991070707888868
4219,0.014585361989648913
4220,0.19310931361539002
4221,0.9961086200556002
4222,0.1362758990032143
4223,0.5436531288803264
4224,0.051562357102112905
4225,0.03058093436045236
4226,0.999035938519782
4227,0.232196046763562
4228,0.012359713366174307
4229,0.7324061123556381
4230,0.8939173976616865
4231,0.012901881244256617
4232,0.0048872234741869835
4233,0.026723309497749374
4234,0.0012282059388326215
4235,0.449088419301974
4236,0.06332977267544769
4237,0.044347196864931215
4238,0.016330818458651575
4239,0.03190003643380036
4240,0.4215560169361392
4241,0.9924090087848553
4242,0.003519494346295303
4243,0.010084260475094028
4244,0.9963647423406992
4245,0.03309436776852859
4246,0.014774592471507857
4247,0.008302488680588985
4248,0.009872767141530145
4249,0.5297162329234084
4250,0.40406402118094853
4251,0.05982476748719308
4252,0.001760878595201568
4253,0.8715737348279682
4254,0.02845715844501945
4255,0.021390050267822425
4256,0.1242553360346093
4257,0.001052142324481854
4258,0.9608521453924628
4259,0.003085337381645777
4260,0.9973697451434107
4261,0.9873970670083239
4262,0.5306702869753802
4263,0.9690278101024727
4264,0.005309370565285675
4265,0.3809744065258284
4266,0.9463065528261414
4267,0.0027749215268884388
4268,0.9576843326880242
4269,0.11034995497860896
4270,0.03757018318358598
4271,0.01172283935408265
4272,0.07038196023781337
4273,0.0023151915990667505
4274,0.022718434337604544
4275,0.9929990103258275
4276,0.58649281322211
4277,0.016120959844901837
4278,0.03598400830161387
4279,0.20930539254381342
4280,0.9871322810507448
4281,0.4995374670239015
4282,0.11982581798233004
4283,0.00446492545605442
4284,0.008918105053524328
4285,0.6350277832761602
4286,0.10996515993769845
4287,0.8957643652084533
4288,0.7972778899635808
4289,0.005294881272302635
4290,0.5346777868790368
4291,0.07114532592335077
4292,0.01374481871185463
4293,0.7937710441256336
4294,0.9678110881440549
4295,0.8151486501521064
4296,0.0683230728143291
4297,0.9916830715708892
4298,0.11443758342411048
4299,0.009212965036935049
4300,0.09375670568945745
4301,0.9995031331053887
4302,0.019127983310179276
4303,0.12899925211057517
4304,0.2193629841622441
4305,0.014198276024582589
4306,0.028498904792736972
4307,0.033889376033882986
4308,0.98571260656111
4309,0.9891375295345287
4310,0.033411368325225885
4311,0.006596336495700737
4312,0.9938392921882025
4313,0.9881210038054433
4314,0.016325248123476584
4315,0.019191002513727556
4316,0.9835352571735043
4317,0.9540901128481918
4318,0.9215141284525057
4319,0.0040095072805962605
4320,0.9429874630923392
4321,0.0014694584463805823
4322,0.37400239249120704
4323,0.05875824462036748
4324,0.7639832156289534
4325,0.47726518684755537
4326,0.001246042476499348
4327,0.7345927554731845
4328,0.9962314013891962
4329,0.009169395551302075
4330,0.2059733991332213
4331,0.11098870964942875
4332,0.014132240962131754
4333,0.02359769324812587
4334,0.1979371201366439
4335,0.05483833975882198
4336,0.06279115055915359
4337,0.1348580692338387
4338,0.039455312649591255
4339,0.41804176715336405
4340,0.1096249414476032
4341,0.03395466972667746
4342,0.09170046421961262
4343,0.995826285908963
4344,0.970228172390537
4345,0.032933403608321254
4346,0.003977423887795659
4347,0.015537380546131288
4348,0.0643151255117085
4349,0.0018644177666949288
4350,0.009720144111178308
4351,0.01525722494033612
4352,0.9926294347821927
4353,0.22659954414528483
4354,0.06244136982358911
4355,0.0542278864461251
4356,0.9950725732404223
4357,0.014144400462499063
4358,0.19916321803957912
4359,0.006827222728256777
4360,0.9922805349862049
4361,0.7567557911356193
4362,0.8726882038596074
4363,0.01878193245062027
4364,0.7665697257192856
4365,0.3141455633811916
4366,0.15814388855774092
4367,0.9672348453236358
4368,0.0008626172789429907
4369,0.031194906465004828
4370,0.18178201356533838
4371,0.03423001086195886
4372,0.9994630285887458
4373,0.0115859538983925
4374,0.040471702291325
4375,0.7975622065583627
4376,0.022287360477892454
4377,0.267072431955108
4378,0.9949984601157389
4379,0.9994418053672738
4380,0.16441905986043237
4381,0.02545680190519175
4382,0.05704542941476238
4383,0.3453044952770956
4384,0.8457184546988927
4385,0.04702292498621527
4386,0.06556731806672557
4387,0.0011484605408501392
4388,0.26864433180837033
4389,0.011572165102054305
4390,0.8556040604037826
4391,0.08467971122337305
4392,0.9778174413476715
4393,0.016800501643148263
4394,0.6021723618302094
4395,0.015030512183248738
4396,0.9294277646082482
4397,0.0012616096936600854
4398,0.9985745477158541
4399,0.23474709174112923
4400,0.989556348131135
4401,0.039436013728879865
4402,0.11542985530609771
4403,0.005298378809016697
4404,0.017471103830213674
4405,0.2293273389526143
4406,0.0010353465327191931
4407,0.05890742970149129
4408,0.3643937966771226
4409,0.1243669958058287
4410,0.00556517956875528
4411,0.0006818551865823378
4412,0.017978711699428725
4413,0.01611091241645014
4414,0.8282542647699844
4415,0.016629277209888785
4416,0.26782640678037806
4417,0.01720466153093072
4418,0.11627964960859359
4419,0.4606733429539229
4420,0.006533306869859059
4421,0.016297355008494142
4422,0.003078811506470584
4423,0.19902092362854273
4424,0.006225480135627143
4425,0.043784964450581915
4426,0.018208632285752036
4427,0.0019189574412349342
4428,0.012243402214539446
4429,0.25011381864173116
4430,0.013454781512567232
4431,0.21873783209120984
4432,0.0019486160718290716
4433,0.03286977839269616
4434,0.013250319916536135
4435,0.06125794322363767
4436,0.0055656222570591996
4437,0.11655874199528246
4438,0.01726232951034441
4439,0.26547685116561665
4440,0.9685897860657288
4441,0.0033399623930330975
4442,0.48375947483753207
4443,0.08017089045306225
4444,0.28485969734073074
4445,0.20199445558755946
4446,0.008796123323287792
4447,0.6525938477545974
4448,0.05120649710006184
4449,0.9142323897852727
4450,0.037795416509061486
4451,0.849185257348787
4452,0.9716245365336359
4453,0.17836403385794078
4454,0.9150797323866691
4455,0.022111381471136053
4456,0.03319388413391484
4457,0.9952530960945256
4458,0.0219055621149882
4459,0.30012205754417765
4460,0.74278241653784
4461,0.08266933549187377
4462,0.007964733122071686
4463,0.0053111261938875425
4464,0.04402261481783399
4465,0.00806398254854341
4466,0.1403344919563485
4467,0.9993921041391509
4468,0.9713221352882504
4469,0.043548984615125734
4470,0.10421612380194883
4471,0.0036652303489465993
4472,0.3278035140597238
4473,0.43252660011573807
4474,0.29944407909003967
4475,0.9965397665312306
4476,0.19425132409718943
4477,0.018286416414150256
4478,0.9290796386463838
4479,0.2608069865068728
4480,0.3714717423333669
4481,0.08353679649791207
4482,0.004223326127999836
4483,0.9879955762544975
4484,0.01160700060880137
4485,0.005195348659282183
4486,0.994605528468193
4487,0.07879952654750151
4488,0.1145971800586731
4489,0.007492796938739609
4490,0.04976530111054553
4491,0.0005391558276125508
4492,0.009594222729445587
4493,0.5430113498241912
4494,0.25678228727045715
4495,0.22786885538282875
4496,0.14179561262989074
4497,0.16520954319222378
4498,0.0037624819641307664
4499,0.02565355634174773
4500,0.2987032712656934
4501,0.012796703228257704
4502,0.37908682485861805
4503,0.9953182747579908
4504,0.28905270674109634
4505,0.02609387647764368
4506,0.6626382157047178
4507,0.06985652542421592
4508,0.004147456422887857
4509,0.009818155952384531
4510,0.23671144072646108
4511,0.44350599788431494
4512,0.017138330805065098
4513,0.0006636203840909175
4514,0.036119984778548775
4515,0.5123561225791682
4516,0.9642945880708246
4517,0.09574142310768757
4518,0.9956597477346311
4519,0.08072389196876581
4520,0.2421204492875207
4521,0.8882525002862725
4522,0.2899835332895262
4523,0.9794158662250219
4524,0.6198414765796268
4525,0.992276223668167
4526,0.041182662518624145
4527,0.017972967518195385
4528,0.0009093150966111923
4529,0.9962729901836102
4530,0.679440406346159
4531,0.003423171625264437
4532,0.01035906582085452
4533,0.1698232233234696
4534,0.7396760337937671
4535,0.003934627267381273
4536,0.5156957932008791
4537,0.08049597179310096
4538,0.07707225882668682
4539,0.48476304418938193
4540,0.41453836085883755
4541,0.0016157773924635834
4542,0.011810828846996399
4543,0.9959897284205387
4544,0.9921991187047776
4545,0.09500713882956321
4546,0.2441475733652484
4547,0.1565278438538391
4548,0.7749668790714336
4549,0.0683234835602516
4550,0.025508815521271287
4551,0.9858137782768932
4552,0.7593429829988125
4553,0.4178086585994511
4554,0.03015378148416716
4555,0.3248588852339495
4556,0.02059624047186808
4557,0.6797565364388033
4558,0.9931584135074103
4559,0.6486330135520663
4560,0.0009096480548755365
4561,0.005039552555996182
4562,0.9914849655817438
4563,0.011156405566501658
4564,0.09904445553139113
4565,0.07805181789610778
4566,0.06684554119517178
4567,0.5298848606351787
4568,0.0023192493630172233
4569,0.010830813392797652
4570,0.006936754605822225
4571,0.009450946557475482
4572,0.05589393765914699
4573,0.0177845994374733
4574,0.18228383585029212
4575,0.007814770965093627
4576,0.10825888154874708
4577,0.2537597465269747
4578,0.074398518533624
4579,0.0312757964600188
4580,0.35529674164557995
4581,0.18628031045691953
4582,0.991052199076915
4583,0.012754876190305268
4584,0.9843391251384068
4585,0.933295868882758
4586,0.15750543977010972
4587,0.0786921203025627
4588,0.011858054868283495
4589,0.040816640906763076
4590,0.048485427953990794
4591,0.0027784670555403316
4592,0.009784087479385353
4593,0.00990849162434308
4594,0.9839792190010841
4595,0.01765760680166515
4596,0.137480953135861
4597,0.9907663217117463
4598,0.5785287972430861
4599,0.6909637665685014
4600,0.004957495577276184
4601,0.004033971514985698
4602,0.020736889966924413
4603,0.06984047560466913
4604,0.007199733204545112
4605,0.18424627688441111
4606,0.05254943532043418
4607,0.11884556102116708
4608,0.9958780784597744
4609,0.007058535364242521
4610,0.9956779964936433
4611,0.1585733140289325
4612,0.08321946670012847
4613,0.0728137110328364
4614,0.9896624366485397
4615,0.9866615446230526
4616,0.03569270733281006
4617,0.33227875228768294
4618,0.9789233389985468
4619,0.8070316975834271
4620,0.9937484183591174
4621,0.011349622271618932
4622,0.6788056859651497
4623,0.028997452083907797
4624,0.4833730822838739
4625,0.0011275624928356854
4626,0.1714513436230387
4627,0.13580716744936278
4628,0.8552454411405214
4629,0.04345845714907351
4630,0.02487699965581916
4631,0.9468546735215099
4632,0.026297811520232372
4633,0.7956808777579474
4634,0.06312087697732843
4635,0.05856973863950747
4636,0.10435752628806969
4637,0.9884285020490334
4638,0.07958953340268042
4639,0.0256065999506603
4640,0.13759063590510448
4641,0.1413049604040961
4642,0.9505922523075518
4643,0.9992876450332151
4644,0.998969232976385
4645,0.007370009643547736
4646,0.7159378157170699
4647,0.036110736355262255
4648,0.052751504045441044
4649,0.1665529402004097
4650,0.0016233551633842785
4651,0.8095515547158907
4652,0.021494795212630636
4653,0.3942956033849495
4654,0.06126555800407891
4655,0.007417152155525129
4656,0.9201786496440736
4657,0.9945803848477848
4658,0.02170926616494427
4659,0.698910045089204
4660,0.1512936479106614
4661,0.0683867365351753
4662,0.011170982880596408
4663,0.10505365122158036
4664,0.3727960583101132
4665,0.0013212442611882653
4666,0.7694772216040348
4667,0.005531783383071357
4668,0.011015890996893037
4669,0.017504674828177243
4670,0.1686850884173764
4671,0.9985609266042235
4672,0.09640684909445003
4673,0.0019356187223561066
4674,0.0034616840373917082
4675,0.9913961251009074
4676,0.018187453097085436
4677,0.015985057931114058
4678,0.006338530919691464
4679,0.9948851689041143
4680,0.15753234522989296
4681,0.016513773654007545
4682,0.020505301110112718
4683,0.6141786090569173
4684,0.01929063309588834
4685,0.5131245096549233
4686,0.6472770928284929
4687,0.006178771935579286
4688,0.049330384601554714
4689,0.12963702168224428
4690,0.016383381432332617
4691,0.18981477291748597
4692,0.06166951335632259
4693,0.9964370274804039
4694,0.02582545232200429
4695,0.7206761312104577
4696,0.14140447098555045
4697,0.47308051545921664
4698,0.9980313614337194
4699,0.032718603879443114
4700,0.5469361575909534
4701,0.04795218558156751
4702,0.0020780030789560792
4703,0.27988385196602344
4704,0.010620842023734358
4705,0.039929377836483586
4706,0.07286657550430933
4707,0.0024247342477389457
4708,0.035724421897188496
4709,0.041053450203867976
4710,0.355627196602301
4711,0.9937646722595863
4712,0.3693515988054493
4713,0.011317730112087837
4714,0.0013594072731439872
4715,0.20222647286532164
4716,0.0013234107966033362
4717,0.05039096031317799
4718,0.9316348772060867
4719,0.2540893877470837
4720,0.008884758942693964
4721,0.057683715265087906
4722,0.990793578581465
4723,0.6574427904416309
4724,0.0166524515485819
4725,0.001290068673395755
4726,0.14119163426474116
4727,0.05008308025244668
4728,0.17657237279800914
4729,0.008073682834365005
4730,0.002276698270134311
4731,0.0033653552591763965
4732,0.08966242748656317
4733,0.9785293764283652
4734,0.030531292112623086
4735,0.010771361911629914
4736,0.9793191409669009
4737,0.3545687789042354
4738,0.9336388114024861
4739,0.5462067919030034
4740,0.9980885063150351
4741,0.014173673466350064
4742,0.97467115422192
4743,0.22006683852053904
4744,0.06893520391447884
4745,0.37393909309119877
4746,0.05870339181538434
4747,0.04691984729401902
4748,0.011203322309850215
4749,0.18019763751155107
4750,0.7809668915053736
4751,0.9748088109783264
4752,0.022513686082345212
4753,0.4768281853882492
4754,0.24316376716074023
4755,0.19751178647018994
4756,0.015627735772547818
4757,0.02819022381255967
4758,0.046306464467453144
4759,0.0347227610374381
4760,0.9681288580298313
4761,0.6728039473383327
4762,0.044206594538035875
4763,0.007604761893630956
4764,0.0031016680765305503
4765,0.331665899721746
4766,0.23990215613880916
4767,0.803119052262406
4768,0.9367368467110093
4769,0.8151142520900312
4770,0.007271472148024668
4771,0.007045448681344766
4772,0.09785485404420827
4773,0.003942322422772768
4774,0.6157671790035335
4775,0.0013713696848141326
4776,0.004162068891884505
4777,0.031011284321805846
4778,0.003335116785760848
4779,0.9945661358322554
4780,0.9979324698258033
4781,0.3371648767577123
4782,0.9985188008649954
4783,0.10765289110095219
4784,0.21260440363171787
4785,0.0754660977963581
4786,0.009640190789476203
4787,0.9592756756402923
4788,0.060670922956325174
4789,0.005438371890276815
4790,0.00266729217799346
4791,0.003872077077732249
4792,0.9865603768507799
4793,0.9942803886224321
4794,0.14029503585800218
4795,0.004339442608174662
4796,0.998904003388218
4797,0.0035612944901502385
4798,0.7714669633917094
4799,0.5911126482928917
4800,0.6822979937188542
4801,0.8154198739604414
4802,0.003743470255163954
4803,0.009959672272986518
4804,0.0389889158620629
4805,0.0030916762679257417
4806,0.28534704033383596
4807,0.9372041960302382
4808,0.06971292431449296
4809,0.052684911128005205
4810,0.009374168721450912
4811,0.16293187727463593
4812,0.14421481232788996
4813,0.8632666786874301
4814,0.9950261064659145
4815,0.27087915142455554
4816,0.5705689513754096
4817,0.024672897902519392
4818,0.11035220797480429
4819,0.06542387744166055
4820,0.9984753863005155
4821,0.6758996010069649
4822,0.006751949910720561
4823,0.7143244399685308
4824,0.1092979660788801
4825,0.8168846473501465
4826,0.003456252541863209
4827,0.06533327340284933
4828,0.007185674213777037
4829,0.08317770279306179
4830,0.011841762376105226
4831,0.1480552219869865
4832,0.22119408882205285
4833,0.1284302070829747
4834,0.016164348154536788
4835,0.0309544582827316
4836,0.06423619083402922
4837,0.016788914918037513
4838,0.005661613740274052
4839,0.004988968900423783
4840,0.9861289303451212
4841,0.18398364438181372
4842,0.993331273787839
4843,0.054637627889982686
4844,0.15509753425086742
4845,0.07190046688770317
4846,0.017493071321784775
4847,0.9833761803648525
4848,0.7904874845472012
4849,0.0023557923464984937
4850,0.30951945408112286
4851,0.021924556239054926
4852,0.5514683634933117
4853,0.5096218412087119
4854,0.7808428087799306
4855,0.2116234848532192
4856,0.7567140185445129
4857,0.08978589263769668
4858,0.0864666624289219
4859,0.03464477392875979
4860,0.07559232468235998
4861,0.6952363418140028
4862,0.06520369431898784
4863,0.015130399103741275
4864,0.7499755049911003
4865,0.4681105272633523
4866,0.000843192467709855
4867,0.10676851020652794
4868,0.1429965311047455
4869,0.0032493923921907406
4870,0.30074243217258395
4871,0.4474145600899666
4872,0.286138372508007
4873,0.050503795026424096
4874,0.9958490503702825
4875,0.300500846332272
4876,0.018168265055593883
4877,0.02893282195961523
4878,0.9632914778393944
4879,0.7032896931104515
4880,0.8445592574815762
4881,0.9720830031221506
4882,0.023256488885145185
4883,0.12935744858848353
4884,0.10474813107782971
4885,0.8728118336714464
4886,0.9915791706611035
4887,0.004693235945807388
4888,0.06437443997938602
4889,0.05123816163046401
4890,0.024945770448346165
4891,0.8151796809095444
4892,0.9972033593780147
4893,0.8618345450110128
4894,0.09688281092146564
4895,0.11188598088123342
4896,0.6566082964321774
4897,0.9706932622204874
4898,0.06838781265410199
4899,0.9422621989596356
4900,0.007831597938092127
4901,0.9618026995721141
4902,0.30309200051290097
4903,0.023330187593138027
4904,0.029986380994218024
4905,0.1760585910455575
4906,0.003684799295341021
4907,0.8945798346397553
4908,0.0629026026172531
4909,0.09172310036004588
4910,0.9809216086428044
4911,0.23841844022853348
4912,0.00959444345115154
4913,0.8695930046620612
4914,0.0995262053983484
4915,0.9868419188018005
4916,0.5009119575122941
4917,0.6308110690270301
4918,0.9935995824408521
4919,0.5519954292528109
4920,0.00759868856646401
4921,0.9848481370798914
4922,0.9965406144997999
4923,0.003420658985721594
4924,0.9834817892736119
4925,0.08148017074977953
4926,0.008735198143388672
4927,0.909617589654054
4928,0.5087130231371076
4929,0.030797664725354966
4930,0.99756875091176
4931,0.9339391589871289
4932,0.8967992015718597
4933,0.9943335856446154
4934,0.06990692843240962
4935,0.11283398126255596
4936,0.07097482158814965
4937,0.6403006715840923
4938,0.007087163382487735
4939,0.9884564525520694
4940,0.005217784766474024
4941,0.004312852242047899
4942,0.6479682171921386
4943,0.004672784560153078
4944,0.04004681992085971
4945,0.08187303989973134
4946,0.05820911337982125
4947,0.11556104661018518
4948,0.19078833127443587
4949,0.9819522366171598
4950,0.43119294824388266
4951,0.06875856549555004
4952,0.13109377540101577
4953,0.04680234393995841
4954,0.8810266836174947
4955,0.38091636937583007
4956,0.04244528378852264
4957,0.24554768103671448
4958,0.9955793945645638
4959,0.445632476742615
4960,0.0014032246327804745
4961,0.2690831346984912
4962,0.15494555963413204
4963,0.3652672827990681
4964,0.9456450885313896
4965,0.007298743407940825
4966,0.012520896216985315
4967,0.15413235400562164
4968,0.0014315901373847025
4969,0.1784286304108315
4970,0.9959800566421679
4971,0.2502003751533239
4972,0.08138899728580654
4973,0.004305000620475964
4974,0.10102762253087512
4975,0.9131651650351396
4976,0.17768292744185843
4977,0.6300954571712499
4978,0.009306237309008172
4979,0.9440541659854544
4980,0.6732725911613959
4981,0.003656299397199813
4982,0.07197309215789031
4983,0.8771385325458254
4984,0.4537423147384829
4985,0.7670024152347823
4986,0.9979722304399172
4987,0.9889143419245849
4988,0.0065350631931779205
4989,0.0007427969511073709
4990,0.0024934166209971916
4991,0.663653252183646
4992,0.004789660048984756
4993,0.10334446578494244
4994,0.0861931328972476
4995,0.0033113923745170977
4996,0.9223004065347223
4997,0.017664357473496452
4998,0.5573060501001941
4999,0.6819138062468666
5000,0.011655163600359288
5001,0.025586291253153363
5002,0.07223609538096301
5003,0.5259382143807579
5004,0.3040237683044438
5005,0.029266203644342535
5006,0.012324528643142017
5007,0.9662032403350422
5008,0.97628846461656
5009,0.02321679193281674
5010,0.0007921842212783337
5011,0.807594890055723
5012,0.024651870343650073
5013,0.11165439148111578
5014,0.09485218970878401
5015,0.4571680547962269
5016,0.9776633387450842
5017,0.5652329583582797
5018,0.974255640182742
5019,0.9867299112204992
5020,0.013083970760905523
5021,0.1531662389951363
5022,0.005486128109036653
5023,0.0005324915602496066
5024,0.2789158763411296
5025,0.0810489951222866
5026,0.0476897258014882
5027,0.10000840325779836
5028,0.9988943937267003
5029,0.8411135452152995
5030,0.007496575559943854
5031,0.01788713664067673
5032,0.10286948451265225
5033,0.9896599771399978
5034,0.982440883028273
5035,0.0754103147535541
5036,0.021640719432233294
5037,0.0008788422924604054
5038,0.009618798681032102
5039,0.19365460280041102
5040,0.9358120812284623
5041,0.5272819975633972
5042,0.9894110193341219
5043,0.04085355744255793
5044,0.004736469684713926
5045,0.37022793043002356
5046,0.040943718831739494
5047,0.0011999825589908222
5048,0.5772197226674195
5049,0.18163200332169163
5050,0.3020267347071335
5051,0.9026588599363399
5052,0.0035452504672897167
5053,0.07469912321107679
5054,0.09290836230838884
5055,0.0022536570618739674
5056,0.9049443521829605
5057,0.013720628670215826
5058,0.9816115096494439
5059,0.06949998341812064
5060,0.04521322207795879
5061,0.017408561386995605
5062,0.002808947668281235
5063,0.0034335216299537117
5064,0.034710704620419384
5065,0.6894914798076897
5066,0.48399284131386006
5067,0.036221612789678004
5068,0.995170684301151
5069,0.7392198428220769
5070,0.9836055629028615
5071,0.13947683127124508
5072,0.02833036161085064
5073,0.005743642625056956
5074,0.004626817214489613
5075,0.5418569280851661
5076,0.5643075995881813
5077,0.24423938885622953
5078,0.07354665437576469
5079,0.9853601673521404
5080,0.04953766556811247
5081,0.0017303113432184936
5082,0.034108369753876946
5083,0.023772199479558755
5084,0.0033706947392051602
5085,0.979800235976009
5086,0.9991284742438364
5087,0.001713956760508443
5088,0.07865456063173051
5089,0.018665429151934566
5090,0.5678768057337527
5091,0.03917786401231817
5092,0.9984632049261046
5093,0.4916799872460036
5094,0.18649954923951356
5095,0.12238869964906919
5096,0.014670938762498342
5097,0.032748936958310805
5098,0.15705796188789142
5099,0.0012802051525961661
5100,0.0588617751732949
5101,0.27243586202098435
5102,0.5659429288934582
5103,0.0021097931114989164
5104,0.006204726731305249
5105,0.08946607406497357
5106,0.9991295886375005
5107,0.9957814605266843
5108,0.8020881769008639
5109,0.975159510212703
5110,0.010695496509737123
5111,0.992833756910475
5112,0.904962715699513
5113,0.27407724544427603
5114,0.9916812201603068
5115,0.9735227607115089
5116,0.564901973221461
5117,0.8382129090754755
5118,0.9542585985319654
5119,0.022318545486068528
5120,0.9940842076650268
5121,0.007602391028539921
5122,0.00894932394476106
5123,0.86182126256156
5124,0.006769851640931001
5125,0.9830511740522018
5126,0.07624998345675504
5127,0.7153046144447676
5128,0.039663784727156925
5129,0.6944505143274056
5130,0.009815763630965244
5131,0.009202535837197854
5132,0.2704204746026713
5133,0.47494215869125156
5134,0.9115680240732231
5135,0.459381146234367
5136,0.0024786868702811847
5137,0.7367741403369561
5138,0.016984098157816492
5139,0.3667249422007394
5140,0.07356887639857018
5141,0.4222011642519933
5142,0.2321090104509882
5143,0.0010799910966711812
5144,0.0032988208178358386
5145,0.0037990973226211017
5146,0.010298333680325126
5147,0.02057551248188195
5148,0.009095619573246004
5149,0.0035068792738467956
5150,0.17943808723009314
5151,0.9233166414647737
5152,0.1120506897961159
5153,0.016307443141435347
5154,0.9955444322667506
5155,0.09313173617750341
5156,0.001216175416734495
5157,0.01562447661806253
5158,0.003559022330767125
5159,0.01778415185269187
5160,0.14239574284743564
5161,0.05232555607051912
5162,0.0025570601477783654
5163,0.13953593163572606
5164,0.022399967729374644
5165,0.13213470954667722
5166,0.4477659790318662
5167,0.03753614724938146
5168,0.04370120358653606
5169,0.031428810001464656
5170,0.20339044967983005
5171,0.7995318162832888
5172,0.8667324770595872
5173,0.06200457900279355
5174,0.01727862961219577
5175,0.9991541765174291
5176,0.36323538875949346
5177,0.9129464378846273
5178,0.9684666553857046
5179,0.9111722780238045
5180,0.020630381236541515
5181,0.08293298825376359
5182,0.30197988557130095
5183,0.001114389636244713
5184,0.16575656649047568
5185,0.05530705843471447
5186,0.0009099198971673828
5187,0.0796143602191087
5188,0.9937251662983854
5189,0.00914491177576392
5190,0.0698822238079261
5191,0.38691265432360883
5192,0.21329386428529945
5193,0.0959180855177384
5194,0.2522807903925813
5195,0.5313378959691171
5196,0.03914777983742819
5197,0.014178411669290979
5198,0.023747370424135095
5199,0.0050053997466430475
5200,0.0010312675347789535
5201,0.300542002148407
5202,0.03924396098845247
5203,0.007557720076299691
5204,0.23445699599510775
5205,0.002950420984586934
5206,0.2585996840502016
5207,0.6174464528958608
5208,0.00752148223930203
5209,0.9348093079897947
5210,0.9839692664434361
5211,0.9854014068311352
5212,0.3102146223870975
5213,0.4485876509992956
5214,0.010023553527385516
5215,0.7734559486560477
5216,0.981146486088959
5217,0.01038616756630148
5218,0.5500118754022568
5219,0.0009322109258318027
5220,0.9740104363617432
5221,0.022231273825119025
5222,0.041681958137636
5223,0.4085075307304541
5224,0.5940449952752906
5225,0.00328382465492483
5226,0.9951152482002521
5227,0.918373401101046
5228,0.9721672067876473
5229,0.9976365003916068
5230,0.0310766442458787
5231,0.2538152158485975
5232,0.9837367533645438
5233,0.005622873106414492
5234,0.01709883156597166
5235,0.0018223954716742564
5236,0.0018932652429535619
5237,0.968417096531654
5238,0.06437902916526747
5239,0.010280735465758549
5240,0.010640158942198101
5241,0.037113448696420664
5242,0.02711230627506711
5243,0.05499458012544576
5244,0.994630776450612
5245,0.5624439112522929
5246,0.08593686516622817
5247,0.029315479178204935
5248,0.04376376809546744
5249,0.3055076424422259
5250,0.2656050899746829
5251,0.2646152566705271
5252,0.874400899642378
5253,0.023930394762425863
5254,0.009837409604015204
5255,0.34715469575696944
5256,0.0049691583180458505
5257,0.15847971842800485
5258,0.9120157634695921
5259,0.935717090735636
5260,0.08818443153950631
5261,0.007869651788472279
5262,0.9625605826574577
5263,0.002442291997260881
5264,0.7733574323196322
5265,0.08924100198233723
5266,0.9960448998820617
5267,0.0007877151254177955
5268,0.11334706717623838
5269,0.02744916675298472
5270,0.3668043292620049
5271,0.16906808795314587
5272,0.9916710375498495
5273,0.0036581834831330806
5274,0.4848506355330239
5275,0.9328212023496927
5276,0.141626774350871
5277,0.8647839087861127
5278,0.06655085530090127
5279,0.002957554270672514
5280,0.00959378089428862
5281,0.001720274720528378
5282,0.9976510887338847
5283,0.07119549460082367
5284,0.012214676820204298
5285,0.0015360345266389563
5286,0.017361221150843698
5287,0.024593260926559973
5288,0.049738407390488903
5289,0.0052519085665472896
5290,0.0009856670401465946
5291,0.9976832240508513
5292,0.9530538430756844
5293,0.12952119488613634
5294,0.7985158766857039
5295,0.04004852441280855
5296,0.12392307922953785
5297,0.0019123478879609808
5298,0.225480967087655
5299,0.0009275810019215237
5300,0.005378874996454101
5301,0.10079808434262083
5302,0.16179404721982282
5303,0.2691743841226495
5304,0.07264426200345322
5305,0.1074748998829791
5306,0.07635383189250183
5307,0.8969967191299771
5308,0.07645727360137586
5309,0.11367167158886964
5310,0.025252462270533994
5311,0.9042324910604731
5312,0.3093115016640566
5313,0.024098014028210744
5314,0.7866398425123027
5315,0.5960209637283059
5316,0.224946350763836
5317,0.08644544487203501
5318,0.004252761763021001
5319,0.8294311402683221
5320,0.02204626249508799
5321,0.03211264032817883
5322,0.4555098714138085
5323,0.048829707385328325
5324,0.9362804470781376
5325,0.29467123729899103
5326,0.0014643316481748555
5327,0.005683243913739965
5328,0.03840473175444404
5329,0.9858793119395671
5330,0.008499591187448866
5331,0.11508211591609885
5332,0.0036689817564448685
5333,0.09672583992201175
5334,0.9883465425169663
5335,0.682610236895438
5336,0.0037949121836646296
5337,0.07087853825806148
5338,0.13695086061745115
5339,0.07529157060048966
5340,0.02002472906462399
5341,0.0011712672403360173
5342,0.9207936104519608
5343,0.035005331581763215
5344,0.022988954889853686
5345,0.007398319515738942
5346,0.20872995185328358
5347,0.991505968113888
5348,0.00725001899997999
5349,0.011995654594533025
5350,0.9363072661574416
5351,0.9978439866293201
5352,0.8706796321146411
5353,0.006352471547532302
5354,0.48335211001725964
5355,0.9600766710248605
5356,0.007799566468999023
5357,0.13392028761495992
5358,0.9991104870073053
5359,0.0032901257711752396
5360,0.05445306455636831
5361,0.6007503902393524
5362,0.04399362894370702
5363,0.006576611016769646
5364,0.003297596241313457
5365,0.9824671483231636
5366,0.00219991347690036
5367,0.001615382423121742
5368,0.9552516479974991
5369,0.8651027245135945
5370,0.05743627097403038
5371,0.01882626562017172
5372,0.006528365725278887
5373,0.24515033327186614
5374,0.0024622375998567267
5375,0.015215437686517938
5376,0.0635070324962565
5377,0.017970957997787387
5378,0.021550726998385672
5379,0.2960404009837185
5380,0.5113991780703865
5381,0.06067746626689979
5382,0.17738741242439066
5383,0.18842326031934378
5384,0.01919881264087735
5385,0.028845335718795058
5386,0.010544087524856728
5387,0.8451962027436386
5388,0.007954249854652587
5389,0.9945079255218059
5390,0.636218022291982
5391,0.003101840123327726
5392,0.002597044277463961
5393,0.9958317869687912
5394,0.0319570651253602
5395,0.7918682066099093
5396,0.046384674323596886
5397,0.19151604825219298
5398,0.1862907608517728
5399,0.35989500261954444
5400,0.015327537364715715
5401,0.37551389924927403
5402,0.0011841743078271794
5403,0.036920576440246836
5404,0.016377924754379793
5405,0.0642266986820948
5406,0.9213086974579372
5407,0.9154203374662684
5408,0.0354871035962718
5409,0.008433773015806277
5410,0.2798303999893742
5411,0.19200419476107622
5412,0.9931009397822173
5413,0.10314123345716783
5414,0.005798060120900266
5415,0.998552996784203
5416,0.049649058588549594
5417,0.06914082046176777
5418,0.11947652810692724
5419,0.6419161983869688
5420,0.01571925895674171
5421,0.1285120382909297
5422,0.011400196726878016
5423,0.031529453549994854
5424,0.938652672930344
5425,0.9903628333029042
5426,0.00993803460670891
5427,0.01571022430448424
5428,0.0043522184606338415
5429,0.0014766265771842567
5430,0.7732754391607506
5431,0.008719465080945243
5432,0.8732699132468109
5433,0.3179717274227316
5434,0.9750486391147637
5435,0.48961252513497444
5436,0.9973742567569388
5437,0.02703640540157072
5438,0.6159448573409082
5439,0.3218382200333971
5440,0.9825712013298421
5441,0.008043166196349108
5442,0.09547203225008588
5443,0.3434820386923892
5444,0.005594259508211508
5445,0.9801979028314852
5446,0.19342705049797396
5447,0.09191190251009235
5448,0.011202677112135469
5449,0.0021703657939392187
5450,0.985972760966541
5451,0.0007467171284755671
5452,0.9799619035999793
5453,0.29909803464549894
5454,0.07317339437864508
5455,0.9880292480802362
5456,0.0030806785500939082
5457,0.056025721744374604
5458,0.002382975552257709
5459,0.9780022759269736
5460,0.9926790690448071
5461,0.012529044836168976
5462,0.016303280146858005
5463,0.027777161700684592
5464,0.006241570422448588
5465,0.11121167551395697
5466,0.9360274949715512
5467,0.9981306978849334
5468,0.051749387046794076
5469,0.05789371075555945
5470,0.9990973948238799
5471,0.44490889389038435
5472,0.03114731472766602
5473,0.0023621949355225906
5474,0.3812713931403683
5475,0.004377207516172529
5476,0.04198579131742597
5477,0.9149978125222183
5478,0.19245554713159746
5479,0.9909543710184883
5480,0.1273962498531617
5481,0.020252184838351714
5482,0.00289614030047032
5483,0.2745120957776932
5484,0.6741651998593522
5485,0.22507299900462413
5486,0.10416323869298054
5487,0.4768388360735236
5488,0.04296649343945536
5489,0.04923973525658296
5490,0.014584560672662835
5491,0.5291518729035635
5492,0.04553089871897317
5493,0.007721382840206813
5494,0.9018036651548185
5495,0.8973294460982362
5496,0.02967213810881198
5497,0.1941171366851973
5498,0.029192996651690367
5499,0.013779364590547788
5500,0.0011851138511624
5501,0.10944169320885966
5502,0.013671644281281717
5503,0.14192063738153604
5504,0.9749792660173457
5505,0.993301305585796
5506,0.017065283754736264
5507,0.5049082363093742
5508,0.018316925105299163
5509,0.9844376924598062
5510,0.0050589109790975815
5511,0.9985282567382296
5512,0.004556652522348176
5513,0.024848314641173905
5514,0.2829390447677323
5515,0.0017197250841538487
5516,0.11543902875583181
5517,0.19175343746122434
5518,0.37317542737037607
5519,0.03572549374519693
5520,0.019984752844518255
5521,0.9979984357755938
5522,0.9290085978671094
5523,0.2676232753113842
5524,0.9952604075614537
5525,0.0709353045695362
5526,0.2686417500001387
5527,0.9509431791052878
5528,0.00401446716196517
5529,0.0047979259342530375
5530,0.08317877306185319
5531,0.03876907930878945
5532,0.01561220312895276
5533,0.05484109867526019
5534,0.01959188405045443
5535,0.015746245403405575
5536,0.08941568482005138
5537,0.10046035427573646
5538,0.008720759728994745
5539,0.06829815819327917
5540,0.9734046562306198
5541,0.002702769993573888
5542,0.35745498759246397
5543,0.002221064357805286
5544,0.009332972831474924
5545,0.9678072757918549
5546,0.5844586787010119
5547,0.021156871960406144
5548,0.021852495397656657
5549,0.998029356945573
5550,0.015792743590705736
5551,0.166900416644691
5552,0.12414924527208819
5553,0.030564593880281588
5554,0.28704755870837473
5555,0.10526319508632917
5556,0.0968126122041757
5557,0.5467636794510811
5558,0.9966031490158251
5559,0.10948627601435318
5560,0.987385719681755
5561,0.584459008912395
5562,0.0014766381272303185
5563,0.03602467635574545
5564,0.00455499000692993
5565,0.9961304008886389
5566,0.4288440778843393
5567,0.014422542421871824
5568,0.06224146284480206
5569,0.025301950833156964
5570,0.9975970343198646
5571,0.023190971163709124
5572,0.0007640812002615884
5573,0.08836852818016341
5574,0.9467740556124379
5575,0.30043383793107525
5576,0.02298387395545913
5577,0.10532126727054604
5578,0.13169514357462442
5579,0.5128388383456913
5580,0.9975224608493575
5581,0.3877624639477618
5582,0.003336294563176116
5583,0.01314676795615279
5584,0.7482685902929358
5585,0.005236433568182417
5586,0.5849263481908255
5587,0.689732522576653
5588,0.10991014346388771
5589,0.10280658177598814
5590,0.08119707612837718
5591,0.017538858778484434
5592,0.8299071404842168
5593,0.0040888312975149825
5594,0.035705326132642955
5595,0.0522547685582108
5596,0.41315546779286594
5597,0.9782425107895822
5598,0.022180532010386306
5599,0.9079452946766113
5600,0.9944503528757087
5601,0.03767849583560261
5602,0.23550075141786717
5603,0.5868462208972208
5604,0.003368505742732514
5605,0.7424268485499858
5606,0.08532984910536767
5607,0.0013381409843168702
5608,0.42173006708393307
5609,0.9337694723319236
5610,0.08328813875751537
5611,0.1031813648121371
5612,0.022889251555321507
5613,0.3620320262592515
5614,0.22041723975123667
5615,0.0021569967479020064
5616,0.027418521699512394
5617,0.8335488980435958
5618,0.9993239522517765
5619,0.11068316418331675
5620,0.04262656962318233
5621,0.36117583275872256
5622,0.004803247836278231
5623,0.0019126481015954027
5624,0.3314793125134313
5625,0.7522538229824969
5626,0.11094353807136893
5627,0.9991727633594649
5628,0.02354201373278601
5629,0.24955854406307626
5630,0.9931305891705435
5631,0.029037166430381338
5632,0.01346452304815206
5633,0.0017179541893915821
5634,0.5164704871352148
5635,0.046618823131513915
5636,0.0020861816316824953
5637,0.18487779132238302
5638,0.8797902726137506
5639,0.002473100718319018
5640,0.023995257159097054
5641,0.24447825901758358
5642,0.015938192069946292
5643,0.9154221815768032
5644,0.04364512705948382
5645,0.012958462813484874
5646,0.9542282613798846
5647,0.06982003881310654
5648,0.04593469886933407
5649,0.05096083980558043
5650,0.0044171320918168005
5651,0.08434405455045542
5652,0.004531087403956014
5653,0.024964037522618086
5654,0.009222831982517376
5655,0.9858042089793184
5656,0.3501241642513654
5657,0.2785482324871531
5658,0.020869010375878565
5659,0.1353354995785695
5660,0.007061462939375557
5661,0.9852462002186579
5662,0.017471147325856685
5663,0.41801871323756945
5664,0.01765510369368697
5665,0.9784908830036869
5666,0.014692113389355284
5667,0.977335432613238
5668,0.9992688475193794
5669,0.7796148373091427
5670,0.9697931980731347
5671,0.07030698894531885
5672,0.008514814205604047
5673,0.2518525325292494
5674,0.9294878259158443
5675,0.3101056728598028
5676,0.9985371778783244
5677,0.022743406942525513
5678,0.04809846912932324
5679,0.9733334446583431
5680,0.004209576763437104
5681,0.034775921706778914
5682,0.7582008703155028
5683,0.22207547542892686
5684,0.008939918385764333
5685,0.09036711704731475
5686,0.054419125091564935
5687,0.08185857735262173
5688,0.009070778571794964
5689,0.04293934860872908
5690,0.02658000176223472
5691,0.004639251232091668
5692,0.025620917848250567
5693,0.24633336947163897
5694,0.04629318963612685
5695,0.37335789320324286
5696,0.15452215804147187
5697,0.4610211369029501
5698,0.016267503555721485
5699,0.4624746129163171
5700,0.10924799533237585
5701,0.9914169169299706
5702,0.09326492209596082
5703,0.20583321967540175
5704,0.9722796302768639
5705,0.4724169515974026
5706,0.03207127888931183
5707,0.028885604416719016
5708,0.23415197788754488
5709,0.9905891583968589
5710,0.9903852385662991
5711,0.07854916069396463
5712,0.0008136823823903653
5713,0.00668921247671146
5714,0.30235691879112014
5715,0.013622112400082443
5716,0.001158359385587238
5717,0.824938221280289
5718,0.9803665355826213
5719,0.005453295966396168
5720,0.6339015491069455
5721,0.0014038255670338535
5722,0.9986900973947513
5723,0.5961072803409069
5724,0.006763531780058124
5725,0.09756742875969215
5726,0.4350317057360125
5727,0.9808026602799007
5728,0.82957287860916
5729,0.007197673438580769
5730,0.25275339889933335
5731,0.9937269833736206
5732,0.013569861572433551
5733,0.11181548450681256
5734,0.9988784418822648
5735,0.018969462480655966
5736,0.0009025467861581695
5737,0.9914923620314258
5738,0.9254683417356906
5739,0.002581889070800093
5740,0.2859302008001471
5741,0.1333642054548269
5742,0.04034910760414335
5743,0.8999683240100727
5744,0.30524178861895185
5745,0.0013131063794116077
5746,0.010779245215725831
5747,0.11061344367413489
5748,0.03843827730187118
5749,0.23402311947566834
5750,0.9912928264640186
5751,0.0025697585183231523
5752,0.07155780708128198
5753,0.008387230887819199
5754,0.004671351375373855
5755,0.03428366665805591
5756,0.0022572047524877853
5757,0.09750418970851746
5758,0.9527393768593331
5759,0.24875126744713782
5760,0.025931868038432018
5761,0.003532354215239451
5762,0.6797166493501403
5763,0.9685057506360102
5764,0.0008041860094815149
5765,0.8962021552762336
5766,0.9947300805487891
5767,0.02927681452910489
5768,0.8855560022662725
5769,0.005601508791679826
5770,0.03931287369967754
5771,0.9993333794955657
5772,0.19409188870140706
5773,0.7545288570695311
5774,0.9926405406100476
5775,0.037230410978303694
5776,0.9768205502058275
5777,0.0013941877301597212
5778,0.011234949942119005
5779,0.003904103636401261
5780,0.010679981949799291
5781,0.19792158923682357
5782,0.01534144374634674
5783,0.2573921869690199
5784,0.9236746090944925
5785,0.9371395527545135
5786,0.0008620052531826512
5787,0.14290623676151012
5788,0.9908778728304054
5789,0.01321376120185867
5790,0.9970849111596564
5791,0.9991950865590071
5792,0.021469601155367495
5793,0.301661113162017
5794,0.36923422069970707
5795,0.09061076103632146
5796,0.148627361451087
5797,0.9708222501777695
5798,0.9975853310041785
5799,0.015901102767154198
5800,0.1619069804044907
5801,0.32539200108488964
5802,0.9948640202375623
5803,0.24022619544582785
5804,0.025249085087814285
5805,0.04228475873549464
5806,0.985542402554409
5807,0.07747995126335162
5808,0.9994046646685221
5809,0.011499881786715859
5810,0.088308285253419
5811,0.9746332519645757
5812,0.9962531788021147
5813,0.9417096778915122
5814,0.98357532944397
5815,0.9889067504959158
5816,0.9853940163393926
5817,0.9926709080398511
5818,0.03103998434119499
5819,0.9982881072305613
5820,0.3700976554767159
5821,0.018078820634903087
5822,0.9989089322519564
5823,0.006698819701569098
5824,0.9417485872750966
5825,0.0186546179225844
5826,0.03481582846257661
5827,0.016313482287010333
5828,0.9739768843533895
5829,0.5250069200176675
5830,0.07966318218444163
5831,0.09751534927935221
5832,0.29179267016033267
5833,0.06416326866638544
5834,0.03023281619936391
5835,0.946567575669053
5836,0.10470067487015344
5837,0.8129412575771513
5838,0.0031932371944799233
5839,0.001057274098303431
5840,0.0035422040876287356
5841,0.9916541434456987
5842,0.16755487736310254
5843,0.19792080780107157
5844,0.08787411507019198
5845,0.5348774929604564
5846,0.9842315629434255
5847,0.05502507833948186
5848,0.0705069397993362
5849,0.025329197114412685
5850,0.9973060930285531
5851,0.9739345635125276
5852,0.9057895221484369
5853,0.13729998140306954
5854,0.885394485527063
5855,0.003813688667870809
5856,0.12455823643088014
5857,0.05905481791335719
5858,0.3612391980981565
5859,0.07193599246802926
5860,0.9802759873811397
5861,0.024292812043407414
5862,0.8216896908996065
5863,0.06102319625247684
5864,0.3707417507325839
5865,0.07001522204480193
5866,0.06071751793045757
5867,0.19984251470833528
5868,0.1302739779420328
5869,0.11236755256550472
5870,0.0030526643068224443
5871,0.14319430358856394
5872,0.0018001373636697148
5873,0.10010965125491995
5874,0.9951560197738432
5875,0.9994003055322669
5876,0.019576612400843154
5877,0.9730957085430516
5878,0.2062174743481676
5879,0.030863704484273946
5880,0.12221243168053189
5881,0.174953711999069
5882,0.009450039959123177
5883,0.06535761881563616
5884,0.8424532798507555
5885,0.0025709039115168887
5886,0.5549208982236917
5887,0.9517697333600985
5888,0.2662782088786107
5889,0.97460479482585
5890,0.002041277421560719
5891,0.03177805383614431
5892,0.54984916139902
5893,0.08367612450203946
5894,0.03874030021389226
5895,0.043528654167692894
5896,0.016509433700695613
5897,0.012294561414406647
5898,0.8244673805745131
5899,0.1574484345097438
5900,0.11055528807232051
5901,0.30447365344352717
5902,0.6304682716416857
5903,0.9866879201777246
5904,0.9526592064786955
5905,0.6988521800560776
5906,0.06449296561769378
5907,0.9968289473281946
5908,0.027077812808438906
5909,0.1322300449666325
5910,0.07892399899614953
5911,0.17345525435041695
5912,0.9938533853034807
5913,0.00234186061512934
5914,0.03759993900571336
5915,0.2333147980180671
5916,0.0020422575884538746
5917,0.002601395819659723
5918,0.9711024692135108
5919,0.04407881986555806
5920,0.9942405119558442
5921,0.03318047221501893
5922,0.0290450466365827
5923,0.028972643935742993
5924,0.2625923633459501
5925,0.10215129557801994
5926,0.9919969047182777
5927,0.270502514811775
5928,0.0517607472533671
5929,0.02119436880287038
5930,0.13532285384671214
5931,0.9870452029429231
5932,0.02951637708579445
5933,0.9791788768440162
5934,0.6538333189439416
5935,0.10895830760721947
5936,0.002572306770455516
5937,0.06617491384714598
5938,0.5640138665852316
5939,0.0014633645626959953
5940,0.9829511710797798
5941,0.014244291732112668
5942,0.13477374654581692
5943,0.06788887232476361
5944,0.3346594129454443
5945,0.9975485944132215
5946,0.10340216200753759
5947,0.07384385729248186
5948,0.07511942457967977
5949,0.7927717740972515
5950,0.017927145406153852
5951,0.44821212382840403
5952,0.29849381808943665
5953,0.5402963331641426
5954,0.551472326010863
5955,0.05654170418538053
5956,0.9620360224466291
5957,0.8471164629081291
5958,0.9151620578751711
5959,0.17692608842266686
5960,0.054502359889044394
5961,0.0009901722772932557
5962,0.4707456883579937
5963,0.002434405714268115
5964,0.9394483103515114
5965,0.057632159603546555
5966,0.02049466639274201
5967,0.0027671499676744393
5968,0.02719745554709405
5969,0.6637034990977482
5970,0.9868971852046444
5971,0.042812554356157724
5972,0.9878838932323246
5973,0.192210603332567
5974,0.947511684685473
5975,0.6084869829464521
5976,0.003693965404334596
5977,0.30772567285763575
5978,0.3908983311710714
5979,0.9518005887308123
5980,0.19708662968602533
5981,0.38751503762556144
5982,0.008742986188940774
5983,0.017767741624436714
5984,0.9648938914741956
5985,0.03979212526040035
5986,0.14870568504143003
5987,0.03776779309998244
5988,0.9185937239857029
5989,0.96812559530769
5990,0.04155154540812034
5991,0.9982338926639798
5992,0.01580635016663589
5993,0.22838170155070422
5994,0.008297643855329329
5995,0.11016450447301096
5996,0.008959498957462425
5997,0.9937369218582508
5998,0.7494672609019719
5999,0.8847317309774727
6000,0.013849687061667254
6001,0.5982911115167404
6002,0.8484496137792183
6003,0.435834906535104
6004,0.035589321009632566
6005,0.0020506073901580854
6006,0.819616538027646
6007,0.9794391759693466
6008,0.7355902633246112
6009,0.9561205222259959
6010,0.0036342173710298886
6011,0.9159629545146607
6012,0.026104706514501773
6013,0.19831165562849828
6014,0.018427743293235543
6015,0.09252282849326396
6016,0.04040686923148111
6017,0.01717163550248286
6018,0.9993077384140223
6019,0.005044300470576741
6020,0.9897154731761926
6021,0.4138497383118458
6022,0.9822577809744297
6023,0.8802615200503305
6024,0.012455867591896463
6025,0.020868838679931976
6026,0.023415494973758468
6027,0.8628379236354784
6028,0.020042948472584633
6029,0.8428235270420696
6030,0.0030241389395689773
6031,0.030725680246582142
6032,0.029031719416248554
6033,0.007828882577286624
6034,0.6894497393729027
6035,0.13102136366196954
6036,0.994029981844682
6037,0.6652892905723558
6038,0.9535169249536922
6039,0.0039062348222017713
6040,0.03565663840979392
6041,0.9847652015000067
6042,0.9878882273783822
6043,0.8994020591676548
6044,0.9823735338520252
6045,0.9832958645519511
6046,0.008197708948726548
6047,0.014925849342718915
6048,0.4641762446360561
6049,0.7492822324545465
6050,0.007806273091563554
6051,0.1663945131655288
6052,0.16764779829976845
6053,0.0005159075732975788
6054,0.007766102456749111
6055,0.0842139731865629
6056,0.08135078873345952
6057,0.023453056153447838
6058,0.12549246810193138
6059,0.9097415198674224
6060,0.033384184400640386
6061,0.3737791503267928
6062,0.05919718773519104
6063,0.9862292789513883
6064,0.0038908627498296074
6065,0.012502188989471237
6066,0.19077041676003248
6067,0.0039898868049496345
6068,0.5672259029890332
6069,0.0007828348563019367
6070,0.06991993942900593
6071,0.03940404409184697
6072,0.9992093372140793
6073,0.01937616549342508
6074,0.15594844093237048
6075,0.1531638651173076
6076,0.2154644339686314
6077,0.05249929919187475
6078,0.445721993244534
6079,0.029574430202383397
6080,0.8996245619012526
6081,0.00691817392734389
6082,0.5930283470976383
6083,0.013670153564920373
6084,0.9965019024355382
6085,0.19318176357337163
6086,0.03194939764102987
6087,0.01607690026882448
6088,0.07576888686210619
6089,0.04549119655717193
6090,0.02134210805123253
6091,0.00880146803411931
6092,0.9749641956330586
6093,0.3419638990655357
6094,0.057441610693734366
6095,0.5560852575913964
6096,0.9035426126455752
6097,0.03515977468137411
6098,0.000779107221164019
6099,0.9608300653350946
6100,0.9949509592593482
6101,0.9577229300320709
6102,0.08828579668874348
6103,0.2585015747384599
6104,0.054418709237229086
6105,0.006731440559563776
6106,0.020815816069960743
6107,0.7560824217530095
6108,0.9898043507973668
6109,0.0018248255213429271
6110,0.3298565145866886
6111,0.9343237372864717
6112,0.005882353689921139
6113,0.004696504563944301
6114,0.10774382555385767
6115,0.9960898878205446
6116,0.8875643768214676
6117,0.0010198023267600051
6118,0.037601539591910496
6119,0.7508720906536427
6120,0.40516171668167533
6121,0.005813533197922853
6122,0.07084999402217033
6123,0.9817067088087168
6124,0.04955682369744027
6125,0.5744149981483373
6126,0.0014847091122900794
6127,0.9354552908892859
6128,0.016859338280433477
6129,0.6638069273316795
6130,0.01006241220398597
6131,0.05274913865163759
6132,0.9863163549185799
6133,0.16676667941604487
6134,0.2610754932348316
6135,0.01600999867633517
6136,0.9518846178732565
6137,0.04054049017100082
6138,0.00442955176481458
6139,0.12483433178331663
6140,0.022353671805203826
6141,0.9993461771122825
6142,0.9894406741386962
6143,0.9024999118011727
6144,0.012101143201071946
6145,0.9879124002930436
6146,0.6235437260654879
6147,0.014118925410593256
6148,0.8646587974735365
6149,0.3234734967756209
6150,0.006209203617067656
6151,0.029664825503606475
6152,0.07215833218649656
6153,0.06807555953899347
6154,0.7696409637732144
6155,0.023378186998073702
6156,0.5976930120638544
6157,0.04140821112226058
6158,0.20902021640981983
6159,0.016269132077578526
6160,0.7349191209896342
6161,0.12285370949214387
6162,0.9923386509673323
6163,0.9590342527499398
6164,0.023645941654478433
6165,0.3627908767178549
6166,0.9869219784293695
6167,0.9970127714015189
6168,0.9534417229406299
6169,0.566791493455628
6170,0.9539107006850531
6171,0.325979682151913
6172,0.9637236693730311
6173,0.34845961465491604
6174,0.34590111274814433
6175,0.7034610690999691
6176,0.01647388044676691
6177,0.05250124384906944
6178,0.9758664076237361
6179,0.15445098363546456
6180,0.9670231612950613
6181,0.9672881323446757
6182,0.19864989815485068
6183,0.0782149916766767
6184,0.12248045155651195
6185,0.8279144633542338
6186,0.5793643844248734
6187,0.003848800540100306
6188,0.08067097382057979
6189,0.0756191643117325
6190,0.07049884820238035
6191,0.9989884401134533
6192,0.20136320100752836
6193,0.032834748896423814
6194,0.9893259074784613
6195,0.00675588654329087
6196,0.9915405171960785
6197,0.9974058633134012
6198,0.9443592386995497
6199,0.07555973294380917
6200,0.9818211701398909
6201,0.002956587552039059
6202,0.01322008356363796
6203,0.01027868585913981
6204,0.20077856427299764
6205,0.015783700810316527
6206,0.022737250862474516
6207,0.004548646865384853
6208,0.9964410090626667
6209,0.25229071568565614
6210,0.7830345495901703
6211,0.9869381451875405
6212,0.01549297853054096
6213,0.006472163064163559
6214,0.4417424539645854
6215,0.027285750124309012
6216,0.010319546980688453
6217,0.04368059529262474
6218,0.07054928960698004
6219,0.12450166568486044
6220,0.025321474310574577
6221,0.5934684001960622
6222,0.014153470477086077
6223,0.004710001134868009
6224,0.012357845307139174
6225,0.006252199543630236
6226,0.0014183989615259363
6227,0.01928952600932701
6228,0.018883937498351613
6229,0.9924542216596873
6230,0.001086823560343984
6231,0.023683408254740277
6232,0.058804700238796526
6233,0.014532218209281193
6234,0.9993588025100566
6235,0.2905281236178042
6236,0.19781794630285726
6237,0.13686207498654285
6238,0.03579136123062767
6239,0.8883646603160841
6240,0.004668557531791611
6241,0.33820874810215784
6242,0.0034302363039213747
6243,0.014627916204936647
6244,0.0005301982511743132
6245,0.004484478881445834
6246,0.994907771699001
6247,0.06034680080074835
6248,0.009146387359971732
6249,0.27654042827058595
6250,0.3650719042161949
6251,0.1559932727199872
6252,0.9861579502257305
6253,0.962137262891539
6254,0.9801070456394667
6255,0.9918515460535886
6256,0.9955328661719933
6257,0.37508841850462493
6258,0.9986694095442471
6259,0.0035858537923753146
6260,0.0017423336633138717
6261,0.04230334765801867
6262,0.13287981109164837
6263,0.3229461750511482
6264,0.4185870797089507
6265,0.03911925505540128
6266,0.9907729796216158
6267,0.04871535707732369
6268,0.12043409484822236
6269,0.0027390305635491582
6270,0.0703323058448416
6271,0.003884340462038624
6272,0.5267462825582382
6273,0.0715669924546553
6274,0.16097417213388593
6275,0.008960418043889324
6276,0.9975670993170265
6277,0.039187572183324734
6278,0.08896195508575536
6279,0.9913307840322567
6280,0.07593070782559784
6281,0.003538324027534108
6282,0.37809024076712716
6283,0.1638462727607324
6284,0.5068332121784297
6285,0.6082376268849771
6286,0.010216051749735208
6287,0.026810973721366933
6288,0.9958600713510308
6289,0.9425010464676921
6290,0.045934759948873714
6291,0.07249951780620671
6292,0.01076003039629639
6293,0.09681920712018503
6294,0.8280238151130161
6295,0.13655775566908077
6296,0.9549144338929179
6297,0.010110670202697266
6298,0.08098180684550417
6299,0.980191638544294
6300,0.9320962066129108
6301,0.015279696028041762
6302,0.014976409599406302
6303,0.0073987720598471425
6304,0.7858708211396532
6305,0.9238543600093507
6306,0.9070233487649283
6307,0.5621170287154186
6308,0.9319607885447961
6309,0.008211076174702377
6310,0.9315536023676865
6311,0.8501451217974221
6312,0.9813812353494238
6313,0.9988551104856132
6314,0.03049363467201109
6315,0.4271264322901099
6316,0.5505322749926977
6317,0.05652621520647932
6318,0.27699213736350653
6319,0.0847876947662872
6320,0.05607387587103829
6321,0.0016430663451660868
6322,0.9993667950576834
6323,0.001172499705937306
6324,0.2513716725175003
6325,0.0011892815568649105
6326,0.00931094686186148
6327,0.1801817224807824
6328,0.004191310715134926
6329,0.024807860858149386
6330,0.7628309961478794
6331,0.013394412017500837
6332,0.9992961082587838
6333,0.9326926638740339
6334,0.004960582646553727
6335,0.9944212114814277
6336,0.3565370943175118
6337,0.8998283840865078
6338,0.04020909007058575
6339,0.06930339168651588
6340,0.0028043151961745284
6341,0.00791654270513923
6342,0.7519202936494298
6343,0.013145489658946546
6344,0.03950948558445304
6345,0.02940267537578698
6346,0.12134968450725508
6347,0.04414384982905947
6348,0.32254928183468595
6349,0.9549537246465079
6350,0.7560517736264172
6351,0.6981532689438333
6352,0.4308920274233453
6353,0.06385974265508368
6354,0.025603765824022996
6355,0.07033600684590993
6356,0.2227124548846335
6357,0.2516804699317715
6358,0.001214010115167808
6359,0.2320658753150908
6360,0.07159676355400292
6361,0.0899041520830787
6362,0.009260347188935945
6363,0.9945620049064438
6364,0.0025930199633599116
6365,0.05649808755957149
6366,0.006020200861440561
6367,0.017063581155649456
6368,0.4509003672877724
6369,0.9863284816709744
6370,0.12788500983289514
6371,0.03151198237801511
6372,0.0016444330349082803
6373,0.13092476096203298
6374,0.020163667134241295
6375,0.45770643982165726
6376,0.6244323704419866
6377,0.08941958013927075
6378,0.011012746906012323
6379,0.005391432890050324
6380,0.012972342485663925
6381,0.2135026597624345
6382,0.037396019516735504
6383,0.016467516668723075
6384,0.01714309493788094
6385,0.9991281260728366
6386,0.2050937068038221
6387,0.0065152933469209565
6388,0.9572373617162644
6389,0.9410277578705786
6390,0.8998880574247317
6391,0.9114892157045701
6392,0.04596814971639658
6393,0.026101236495219046
6394,0.0035204120037651103
6395,0.8838806909877903
6396,0.268604662415559
6397,0.9951588861013183
6398,0.9504171333563295
6399,0.9794689758828329
6400,0.9545911251333002
6401,0.9904418395290004
6402,0.9812368273515192
6403,0.001227201465685607
6404,0.002629983543773639
6405,0.5328694533865023
6406,0.9891579893166365
6407,0.9213887068046833
6408,0.45200821769753863
6409,0.9286599285787336
6410,0.014540373169326519
6411,0.12229528540492482
6412,0.06270664051958097
6413,0.9754115112872402
6414,0.0017120189534660872
6415,0.9935862849556764
6416,0.09791053927588772
6417,0.6751876333076733
6418,0.02034387146204999
6419,0.0885087621354495
6420,0.13820555901858275
6421,0.014026328594563138
6422,0.01836798231088227
6423,0.145313050954745
6424,0.9791639034268076
6425,0.3606435396974883
6426,0.1720008036475829
6427,0.20729792880976744
6428,0.11887472921231226
6429,0.9762599379752024
6430,0.9969587606350347
6431,0.027638617562569683
6432,0.041911149431499345
6433,0.0018720846184484261
6434,0.04036767944012032
6435,0.024012277071583276
6436,0.07849218283273207
6437,0.9892935885176477
6438,0.06753213294940717
6439,0.06303370415629204
6440,0.0351148102604035
6441,0.028208668591160134
6442,0.00941779012514572
6443,0.005822999461122239
6444,0.9750243220860083
6445,0.9900292073527903
6446,0.21827702815874578
6447,0.017159916445690888
6448,0.011793405382612991
6449,0.7339654178846571
6450,0.017223276833141545
6451,0.9064094161496586
6452,0.09813121704621727
6453,0.01933054928048178
6454,0.18411299311098991
6455,0.049964929459035294
6456,0.9012418790326061
6457,0.009697522934782724
6458,0.8566742763088051
6459,0.006632388214368191
6460,0.011433001846206306
6461,0.12188031026688886
6462,0.03997868382991575
6463,0.0012455223789574618
6464,0.9942768980209395
6465,0.5862770295701671
6466,0.10386022223316785
6467,0.5682514448050834
6468,0.044597788825080725
6469,0.9958527596140003
6470,0.952484108607518
6471,0.37204452642471586
6472,0.15834739771652317
6473,0.05676721371975947
6474,0.3920758306463538
6475,0.0350762752534845
6476,0.20242908756981662
6477,0.002201816124527374
6478,0.08069713132103423
6479,0.7835660578746859
6480,0.0029491597541121037
6481,0.009214147062634905
6482,0.4224440195065812
6483,0.067918962389074
6484,0.11703128310626824
6485,0.07085943602328304
6486,0.4384917345186173
6487,0.011709530048703874
6488,0.047395237012217685
6489,0.0029304363832907
6490,0.4332777341855723
6491,0.29839383257235175
6492,0.9951435320513217
6493,0.028957903774701036
6494,0.07757453574372042
6495,0.07857620794560427
6496,0.04979111933381346
6497,0.965973108231222
6498,0.9772498726030904
6499,0.3172187183392386
6500,0.9992135613628694
6501,0.9989782731231323
6502,0.0028984692482557782
6503,0.9705180225731493
6504,0.003005105829634553
6505,0.9659110376863584
6506,0.9990284737185406
6507,0.18433180627370493
6508,0.05081144932166284
6509,0.07800856790914068
6510,0.055295294102039004
6511,0.9962154509589277
6512,0.01324395536706583
6513,0.983900042189827
6514,0.004769553001990755
6515,0.04197850405423106
6516,0.002839281191175529
6517,0.0519782040025375
6518,0.06000324159539845
6519,0.07049616191292611
6520,0.9736644223123131
6521,0.14136113003962736
6522,0.0008989603036114468
6523,0.6165392980509403
6524,0.09321336627271594
6525,0.12128448485854748
6526,0.11264802704432404
6527,0.0009399275847050003
6528,0.002701961270007234
6529,0.016603639749440884
6530,0.007202770391534845
6531,0.99065798889143
6532,0.4108092310610505
6533,0.6245608938840526
6534,0.9060782128059178
6535,0.11481856130932994
6536,0.9042761107009032
6537,0.013741881517579047
6538,0.008511077223077281
6539,0.13083512630996377
6540,0.028977971091270198
6541,0.9841215619826225
6542,0.007215411716613999
6543,0.012451923351582468
6544,0.008690510415681658
6545,0.030441663516542074
6546,0.06435124761755831
6547,0.9456227263284516
6548,0.061587782598936165
6549,0.9976396830190513
6550,0.03571454884654821
6551,0.10302791961905816
6552,0.7901882616275475
6553,0.04385302705436561
6554,0.07616023554151387
6555,0.6231576407883206
6556,0.9946169773939111
6557,0.21101396016796226
6558,0.986818257902055
6559,0.37751717427107556
6560,0.8845027044168777
6561,0.1859788673612828
6562,0.848655627208424
6563,0.9792774977146019
6564,0.00702938474241689
6565,0.6362684781048105
6566,0.9958815945530928
6567,0.40518135998342975
6568,0.39044229749644566
6569,0.7434083204861117
6570,0.13021130296855124
6571,0.014619587336006528
6572,0.02400762883489644
6573,0.9966352232577704
6574,0.01690666297290091
6575,0.9219981234056203
6576,0.02922673561384125
6577,0.06293799794167958
6578,0.0444345270669492
6579,0.16879090678316744
6580,0.0018787934660874344
6581,0.0014808759969068032
6582,0.07854117423908519
6583,0.10563247048830493
6584,0.864416934201635
6585,0.05638384004141746
6586,0.6399734040602144
6587,0.933113179156995
6588,0.003313081045693296
6589,0.02541070227215623
6590,0.006549067576645133
6591,0.04332054459342213
6592,0.016979427896273776
6593,0.07710846701399406
6594,0.3816121039944573
6595,0.8188734968975064
6596,0.03860393276688605
6597,0.003985299676237003
6598,0.2237988557725724
6599,0.9413305238770946
6600,0.3280683451909415
6601,0.351222805941599
6602,0.019513167598171458
6603,0.561442682769956
6604,0.0032524569608315622
6605,0.02776207352721398
6606,0.5759430347717833
6607,0.005269244776716212
6608,0.8968850700619071
6609,0.0020225651794243474
6610,0.03751727097662483
6611,0.03395916509909623
6612,0.9924823300151326
6613,0.04462467062706919
6614,0.2730316894662829
6615,0.2265689843117951
6616,0.008561295418790436
6617,0.008518327013095123
6618,0.978904528477388
6619,0.07991311716722846
6620,0.0897955020210954
6621,0.9992344616751645
6622,0.8146377660000241
6623,0.0010841560824308217
6624,0.013711366355076185
6625,0.04623179663994355
6626,0.05695275463871813
6627,0.022514428584276203
6628,0.006908947840668639
6629,0.0208557861514221
6630,0.11863638261080657
6631,0.027157478187841515
6632,0.015920534309955794
6633,0.10956840776008123
6634,0.01840891730750439
6635,0.06908376797948465
6636,0.017079811301340973
6637,0.0626657703908178
6638,0.055169319525725596
6639,0.9945237952790213
6640,0.015456812138826083
6641,0.04729490482931248
6642,0.9829714563330003
6643,0.05410362494001661
6644,0.1873238508631881
6645,0.08165096026043112
6646,0.95874854336231
6647,0.16720403251698335
6648,0.9522657234112235
6649,0.9703402311399545
6650,0.19113627511230008
6651,0.9829464929305066
6652,0.3532518455133039
6653,0.3006636517459593
6654,0.15338162048113735
6655,0.05258117978659316
6656,0.0031213383008558224
6657,0.8623095419025387
6658,0.026322628031433898
6659,0.981477468225896
6660,0.02297209750874068
6661,0.31270194604180546
6662,0.9888116690169607
6663,0.013489188718900256
6664,0.03294083536481665
6665,0.9335324132198906
6666,0.01825780511478608
6667,0.43630718261407964
6668,0.007840118075061256
6669,0.0910958886175735
6670,0.20255237545523147
6671,0.9927667693257329
6672,0.04100024096109072
6673,0.0060538569515563335
6674,0.020914369793403376
6675,0.8682043467952726
6676,0.5144494376417931
6677,0.013191925310519857
6678,0.056145298170828646
6679,0.03850481395859259
6680,0.3259862536663774
6681,0.2461138803794365
6682,0.03470702380669933
6683,0.06163625567559317
6684,0.0738400703952142
6685,0.9919642636282335
6686,0.7383199952810064
6687,0.0011466609570318686
6688,0.0011598113467056158
6689,0.972841817597821
6690,0.995948755611093
6691,0.9990874797962837
6692,0.0035585626378791483
6693,0.44983049591711116
6694,0.01828206519371358
6695,0.9952731210817058
6696,0.023826712376499047
6697,0.0232221817779661
6698,0.9915110396412626
6699,0.9101811189378692
6700,0.6750660771923072
6701,0.010076669165998593
6702,0.9528887913914785
6703,0.9410801915982306
6704,0.18519838622299134
6705,0.9851458388641559
6706,0.008754479900904968
6707,0.034747793320576564
6708,0.017582203682209654
6709,0.16149637514780207
6710,0.0747101222148212
6711,0.07134097952985187
6712,0.0035544102256131506
6713,0.4872133671862964
6714,0.9927691351929836
6715,0.007608775170864361
6716,0.01684109132803116
6717,0.7679663525485478
6718,0.9929160950044349
6719,0.07041950098043756
6720,0.0016123014015284323
6721,0.0008312102266009871
6722,0.6716897774439511
6723,0.05718094307018481
6724,0.002637789631429209
6725,0.9994555760884161
6726,0.974216794855889
6727,0.9829272129385318
6728,0.025279819838977712
6729,0.9798823570752787
6730,0.251615165026331
6731,0.24647774643966489
6732,0.0916042958308966
6733,0.9731685824983562
6734,0.014065749709047098
6735,0.997381860250951
6736,0.4473522009955848
6737,0.9985839205735547
6738,0.9955445495046781
6739,0.001027609023578258
6740,0.0036992288322964762
6741,0.0015741803717768598
6742,0.3704671244763082
6743,0.03864828659204937
6744,0.0363034158574252
6745,0.0013982416101453626
6746,0.7746267976655585
6747,0.6495204581122682
6748,0.9606252500390668
6749,0.13955819800275424
6750,0.9954732031333736
6751,0.1435452564236964
6752,0.0133536059956384
6753,0.33281976211944947
6754,0.001901970848739864
6755,0.1446722180728061
6756,0.9950328070316883
6757,0.023569951772420935
6758,0.8921325107539012
6759,0.013065584351898491
6760,0.10158934243004764
6761,0.013979745631268902
6762,0.990437964278387
6763,0.00361796300061694
6764,0.09089874665982162
6765,0.16848510171273948
6766,0.9167262897352272
6767,0.9965123033281156
6768,0.9806830168468474
6769,0.014822532243511202
6770,0.04988002871317668
6771,0.0321780338083858
6772,0.9946481402750105
6773,0.013996294450045329
6774,0.009187161378510838
6775,0.04116839224969739
6776,0.06554116160071867
6777,0.044404181515495564
6778,0.05037672281401352
6779,0.06635701137098
6780,0.9586424400114015
6781,0.004347255484987156
6782,0.11544028225213396
6783,0.09264523781071081
6784,0.0019598852007142366
6785,0.6788536493172934
6786,0.7132454579111215
6787,0.8863211168501541
6788,0.9708168056324644
6789,0.1807829663759653
6790,0.02135144358767972
6791,0.8462329830695152
6792,0.9953845118421583
6793,0.0901104843763552
6794,0.2630990737461035
6795,0.9818301474692535
6796,0.6502500830668714
6797,0.10780284352319296
6798,0.1670440424827723
6799,0.016226269984865038
6800,0.8656048754826
6801,0.7733597437333315
6802,0.32115128930382275
6803,0.02139547520637352
6804,0.670787143088087
6805,0.0022222507763799714
6806,0.7833612514296491
6807,0.0034786310618128563
6808,0.019297043567094965
6809,0.06674825044305432
6810,0.9498484729760188
6811,0.023873499657552637
6812,0.007197489087982331
6813,0.9802114733005863
6814,0.051513607941145345
6815,0.30024049279469567
6816,0.08682432322558167
6817,0.007946497490604701
6818,0.9902010812524962
6819,0.006606648610061616
6820,0.04120830699294543
6821,0.9904706907522698
6822,0.025343070347760992
6823,0.25333226582118085
6824,0.008668422043934258
6825,0.0203723416027811
6826,0.05402526880095485
6827,0.004601012990232786
6828,0.9751959687319347
6829,0.0006725864030149573
6830,0.9946275943776792
6831,0.017343848435911226
6832,0.02086547158081048
6833,0.11232691772574918
6834,0.018760962875349858
6835,0.7203829763677567
6836,0.7164121417772406
6837,0.9994361117552454
6838,0.33316803342248913
6839,0.23517291245326571
6840,0.7307628555932755
6841,0.013698184148127165
6842,0.9574504463179221
6843,0.0009534790663736453
6844,0.06963797756888193
6845,0.9967738896919871
6846,0.3144400260732027
6847,0.006860309569304331
6848,0.9306236754266988
6849,0.024797038388723908
6850,0.006849623378405334
6851,0.3569676020346614
6852,0.1906427049995921
6853,0.8801049696055852
6854,0.017595553126381294
6855,0.018637795379035513
6856,0.02967082190914555
6857,0.9032094232586393
6858,0.9850901476851056
6859,0.9790098819465088
6860,0.9872382155553584
6861,0.025819793808800104
6862,0.15635182281893442
6863,0.031740432478505554
6864,0.04315633179105516
6865,0.0013338591030796166
6866,0.27836661787963324
6867,0.9086357612341263
6868,0.978205074924019
6869,0.20194195847277474
6870,0.6763932718244163
6871,0.9836803412922569
6872,0.03958075296320245
6873,0.05349328791901121
6874,0.07097166765856125
6875,0.2524465751283434
6876,0.990377565957971
6877,0.9602625885300499
6878,0.003589692233607969
6879,0.01446366421243972
6880,0.06006578346665567
6881,0.3059732299435155
6882,0.9747523878306656
6883,0.28220716641061566
6884,0.03747485976795603
6885,0.02395418251752025
6886,0.9978827378798744
6887,0.9793653130696751
6888,0.8749430425947403
6889,0.2879477339315465
6890,0.9480888203100133
6891,0.02990563829293406
6892,0.009380903491632519
6893,0.026356934042382246
6894,0.17274612393258046
6895,0.37649861587220246
6896,0.9995151686404525
6897,0.055927805429495145
6898,0.9955553857284682
6899,0.005834076980706234
6900,0.7382995609109332
6901,0.0035686353350283524
6902,0.07553475207534656
6903,0.02664503556373011
6904,0.01223965321728216
6905,0.9948926530867326
6906,0.9623564653858458
6907,0.0674335107571133
6908,0.08110582292401118
6909,0.0016950917053554552
6910,0.8926419019741985
6911,0.010117297082150239
6912,0.9882479462966315
6913,0.9889082441149548
6914,0.0020708996721912542
6915,0.06529911837570417
6916,0.9933523534779787
6917,0.609472393757531
6918,0.952946927828101
6919,0.023841386507866116
6920,0.04489494613378917
6921,0.4015263325325261
6922,0.0009211245633578204
6923,0.03812652416970327
6924,0.031224280290729572
6925,0.004101341879041787
6926,0.8983021443083826
6927,0.004983887819619911
6928,0.0013655939069738498
6929,0.009247805761902579
6930,0.43933380699187874
6931,0.101418384687452
6932,0.12287096253823769
6933,0.863697167093052
6934,0.06439879481660761
6935,0.2707662712737002
6936,0.0014437686916734345
6937,0.01016455916566859
6938,0.18392317259904623
6939,0.0288686423956021
6940,0.9940106284733979
6941,0.0026807176004443574
6942,0.7758744081787892
6943,0.1168736024019245
6944,0.9790595897007771
6945,0.705629165987173
6946,0.0014091973704096251
6947,0.9648225222906484
6948,0.00995530561449264
6949,0.08341305987606189
6950,0.9696379720211388
6951,0.7305776326841422
6952,0.055964047841966395
6953,0.001613992601202853
6954,0.006983436582255595
6955,0.9917084329483823
6956,0.011869300458938848
6957,0.9986562752949414
6958,0.9877134584002183
6959,0.018278797319861265
6960,0.07437322072453251
6961,0.1695943232227416
6962,0.944187766219349
6963,0.03454864601655847
6964,0.7707466016826635
6965,0.0015973826972724382
6966,0.02096841625640586
6967,0.011394601354668302
6968,0.9946978730383983
6969,0.9986120708653963
6970,0.0008593869183896085
6971,0.0018727349046710148
6972,0.056274138463162406
6973,0.007868413053484184
6974,0.3304858892281114
6975,0.17810496122685682
6976,0.014295577633810428
6977,0.18771448142251856
6978,0.004717122690558578
6979,0.022493771193539652
6980,0.39851400137061366
6981,0.18160272608837946
6982,0.9992358065379688
6983,0.5489674983000091
6984,0.011470017388972924
6985,0.5178052029298708
6986,0.9683882099886877
6987,0.09872730517252196
6988,0.031248509077131496
6989,0.005426443607702775
6990,0.005542725613704683
6991,0.0018092176590800628
6992,0.07744335759685256
6993,0.9227340458395381
6994,0.8625303613822835
6995,0.03964992648255327
6996,0.42685241387477973
6997,0.9744924812305151
6998,0.005721975046688139
6999,0.09396304877565191
7000,0.5186510068113674
7001,0.49780207296571216
7002,0.03814929887086374
7003,0.2997640845573581
7004,0.0012528980115576289
7005,0.03564849711598106
7006,0.007777321825737679
7007,0.9909594243926437
7008,0.042623687890124426
7009,0.0420922076412614
7010,0.22348131384225672
7011,0.9611231424936181
7012,0.002508743216281091
7013,0.8187799387802739
7014,0.7557853868045966
7015,0.0010298443210436195
7016,0.9874145445777998
7017,0.04780890622469872
7018,0.3528134762067622
7019,0.006344543087236898
7020,0.07088159526808607
7021,0.00564111027619013
7022,0.6826137838049742
7023,0.28956666907310785
7024,0.9611942909852584
7025,0.035032817352761585
7026,0.020826860881611092
7027,0.0073101028439182085
7028,0.03615510433270798
7029,0.023380905381297425
7030,0.5168074179043957
7031,0.9721341865329245
7032,0.0043074342167192395
7033,0.8632289356681403
7034,0.2444969331573965
7035,0.2993800226451631
7036,0.8977140656839275
7037,0.9932557750494977
7038,0.013973556947255774
7039,0.0007739180865623383
7040,0.10276549676396639
7041,0.9617838745671685
7042,0.002931681984620787
7043,0.8240303750545435
7044,0.04047547299223141
7045,0.24092605525957841
7046,0.5535672115190532
7047,0.9732006228942305
7048,0.981851415763795
7049,0.10244763309881923
7050,0.17758470677966226
7051,0.03642109729856802
7052,0.021885139596521903
7053,0.27958789096928804
7054,0.009686212884680571
7055,0.14478521785954118
7056,0.1123796234524305
7057,0.29531596494020496
7058,0.7490603898252318
7059,0.031203324846453676
7060,0.015473634663216497
7061,0.9263380004895172
7062,0.9721346224609022
7063,0.02565554242381745
7064,0.02138289101994851
7065,0.2499845036860524
7066,0.08755873690906715
7067,0.020595596641687246
7068,0.045646773626621596
7069,0.9887067158435969
7070,0.9982898089112143
7071,0.022558016029358127
7072,0.004839394130494574
7073,0.0331617270194941
7074,0.036789669859104784
7075,0.9993077662418572
7076,0.32306445499367975
7077,0.9926854039473467
7078,0.9869953909980034
7079,0.788747013040366
7080,0.03619646470801447
7081,0.1515938630077797
7082,0.058949649297504327
7083,0.7015598225948724
7084,0.05684470729998868
7085,0.3734076368262512
7086,0.07366424449036547
7087,0.025955870648566276
7088,0.007594407723965353
7089,0.9728671943439827
7090,0.0998530815776909
7091,0.07959536041203472
7092,0.013176097659208595
7093,0.7750092797314644
7094,0.8868392163680869
7095,0.5365885845717774
7096,0.5017592053313324
7097,0.009447403096808055
7098,0.9944992528338304
7099,0.002798316156939644
7100,0.9993605306782971
7101,0.8994558347249118
7102,0.6166049150894098
7103,0.9992348399882651
7104,0.0025777536239322417
7105,0.021713624868729138
7106,0.0050288622722328945
7107,0.0744374771197415
7108,0.13171962096275266
7109,0.0023996069398211947
7110,0.0006916716743631891
7111,0.2564966312589191
7112,0.37724226761253754
7113,0.20944686703464063
7114,0.9970289413151514
7115,0.031336879582910315
7116,0.029123774060348703
7117,0.6405833450102482
7118,0.0295442573256294
7119,0.44860295743563056
7120,0.12704704435528044
7121,0.015675948806811772
7122,0.015917341072513604
7123,0.048451510076765715
7124,0.9365890591597751
7125,0.11755523759665916
7126,0.43566465363761275
7127,0.0932578360308152
7128,0.3884243811529903
7129,0.845439278307877
7130,0.07252394145088017
7131,0.9922439354427097
7132,0.4106948815191769
7133,0.01807931906389429
7134,0.9619008541823759
7135,0.26687723317602885
7136,0.02414874619934876
7137,0.14311699816301934
7138,0.8154466337057642
7139,0.011398880672342758
7140,0.055607587081757455
7141,0.005339797076495654
7142,0.03946935794364407
7143,0.0029510811041020242
7144,0.9893292248015679
7145,0.16001529690975247
7146,0.011636709456360254
7147,0.0012941223467293895
7148,0.9993923735494372
7149,0.04423804548639548
7150,0.008228409521476857
7151,0.002537427598014167
7152,0.10115384660307795
7153,0.6056689936619452
7154,0.02738273083936981
7155,0.1750857378027511
7156,0.002329307243475526
7157,0.062399405483857785
7158,0.013319086048222368
7159,0.012719248256797629
7160,0.02535514657881708
7161,0.9828533640143595
7162,0.0008250164419530113
7163,0.9805543108021877
7164,0.9992023731617807
7165,0.004435789280076283
7166,0.06106314547396979
7167,0.4144168773706145
7168,0.9919522649546639
7169,0.0586427211095304
7170,0.9954668669913036
7171,0.629765733568632
7172,0.9798617432535
7173,0.9846846648149415
7174,0.01133910141915064
7175,0.061669308962575484
7176,0.5588941643397289
7177,0.9254893849059256
7178,0.7173686924279982
7179,0.0074155405444772116
7180,0.04326934269826087
7181,0.1382489317110345
7182,0.07130645052242557
7183,0.9350884815409282
7184,0.011105766139555419
7185,0.4746760217384457
7186,0.9204506185057589
7187,0.038233951136459846
7188,0.8703214937056354
7189,0.6782038298141089
7190,0.01727865588016613
7191,0.194341686883673
7192,0.016101330895114445
7193,0.4754804436607013
7194,0.009593471861800111
7195,0.9939805195796003
7196,0.018371751628846154
7197,0.004416797156848152
7198,0.0379304855919618
7199,0.12157237664107297
7200,0.07078369531040478
7201,0.03835134577615904
7202,0.052155115407529706
7203,0.01411222213862712
7204,0.040670715066988
7205,0.02869031592234146
7206,0.9238642885497628
7207,0.993778007285125
7208,0.8132239847838698
7209,0.8416075807066661
7210,0.9582876658992745
7211,0.004708265872681986
7212,0.1326710320978576
7213,0.9967122356910283
7214,0.07314541590065658
7215,0.04112010495808201
7216,0.017499342779000702
7217,0.325298778123334
7218,0.09785910014240372
7219,0.0023953316516457795
7220,0.4061057801421026
7221,0.3768674084446691
7222,0.002187007367417215
7223,0.9947470815419681
7224,0.9871583211015666
7225,0.09000697753861425
7226,0.005396842171261846
7227,0.006068491108822384
7228,0.21892505284018834
7229,0.08774462487844348
7230,0.9487250258353386
7231,0.06410419613054355
7232,0.45161971429230424
7233,0.12561427506977524
7234,0.9848574427616918
7235,0.033928293875012165
7236,0.017411238478662903
7237,0.39003687643321977
7238,0.6545576691111208
7239,0.49007431955412223
7240,0.0011901882730668426
7241,0.4953842036168502
7242,0.14887518957090917
7243,0.014356892057760976
7244,0.9575973239891254
7245,0.05063006708574701
7246,0.02697994471286264
7247,0.11825382103873687
7248,0.9952288671637297
7249,0.11041022811121914
7250,0.004014821070204969
7251,0.7159251500719612
7252,0.1766466676640075
7253,0.11651715738891034
7254,0.16440788244928778
7255,0.2575089838432488
7256,0.3245468971572827
7257,0.873299732506944
7258,0.06448036659545965
7259,0.027028112953705913
7260,0.9593862792420023
7261,0.9906855394293671
7262,0.018117044115782903
7263,0.9881843479554315
7264,0.009860512766391586
7265,0.37183644398334614
7266,0.029731098157317122
7267,0.0171685827134242
7268,0.0009455082569188375
7269,0.051476497749028335
7270,0.01960719407125648
7271,0.013560997887293365
7272,0.3227079995285751
7273,0.1768844642114942
7274,0.0029391453784251417
7275,0.9471071786259526
7276,0.001721610870479456
7277,0.04926117162899859
7278,0.1296613828133088
7279,0.02154992420893355
7280,0.04742414263125288
7281,0.9201033436858649
7282,0.9943937180493876
7283,0.0326993087692274
7284,0.5182124272623059
7285,0.08191060031274516
7286,0.2103186465814954
7287,0.0010975223899730017
7288,0.9811500036937528
7289,0.9289985272016705
7290,0.013648973551815564
7291,0.13496146483211538
7292,0.031205960539495384
7293,0.5289813103752905
7294,0.14815212141070955
7295,0.015334002581507116
7296,0.003644221458494594
7297,0.38932066776504853
7298,0.9510159588149533
7299,0.7958885194003709
7300,0.3091976708543738
7301,0.9888656733386524
7302,0.9916875126409589
7303,0.21153361635085774
7304,0.035238513743921326
7305,0.09879559825150278
7306,0.0924188171873809
7307,0.09607617288153505
7308,0.01971871688895944
7309,0.0014385073417842104
7310,0.09772434451120444
7311,0.9913891969753463
7312,0.026664003473731587
7313,0.7693156912130543
7314,0.012113022648315638
7315,0.009055414555952334
7316,0.040850674763786884
7317,0.07241973292220334
7318,0.03943092257868601
7319,0.8888876925411201
7320,0.029603031465548747
7321,0.9693051320528423
7322,0.002724806820199295
7323,0.015116469520245715
7324,0.971171180073858
7325,0.017556371492037582
7326,0.038383615092998175
7327,0.6524931227986002
7328,0.9883565687927975
7329,0.00138192077875334
7330,0.9956334384656911
7331,0.0954144699561179
7332,0.025758761175014005
7333,0.0973001512847772
7334,0.07491864156958145
7335,0.037311772730424554
7336,0.3224340001107243
7337,0.0395831667439566
7338,0.022378210889018653
7339,0.022301227243563523
7340,0.112598873226118
7341,0.29583863066399113
7342,0.010664879481486197
7343,0.9979360852342616
7344,0.0374200500481196
7345,0.006877907895162312
7346,0.947008033227269
7347,0.3832502178363356
7348,0.00627500496353919
7349,0.9729188691027087
7350,0.6873998976650101
7351,0.9993097964038622
7352,0.39630524479528617
7353,0.049672561740270654
7354,0.11875848871747817
7355,0.010184677798670782
7356,0.8752416455863796
7357,0.0015679703466860324
7358,0.023631143842708584
7359,0.21040347741105622
7360,0.02370041890363827
7361,0.004509826633470961
7362,0.009626151304279589
7363,0.845961267480124
7364,0.0043766977419904575
7365,0.02593275967784791
7366,0.007108327831321462
7367,0.27261051575844303
7368,0.10214282196951094
7369,0.005808401737108783
7370,0.059170589688961994
7371,0.041479903452682154
7372,0.071007907294621
7373,0.007189660269866399
7374,0.531049300685137
7375,0.9952102619675083
7376,0.4205125980877591
7377,0.0014000105498985572
7378,0.9347202446575196
7379,0.9742453832101627
7380,0.22957093000383297
7381,0.004046819179566254
7382,0.04782671406402866
7383,0.0018425353351134966
7384,0.016623822734645816
7385,0.9922761480862929
7386,0.06339827787654032
7387,0.9935626244481139
7388,0.0019236586783385726
7389,0.983275061817897
7390,0.8567842148635425
7391,0.04698176272021134
7392,0.027539891507605784
7393,0.017210278391543807
7394,0.004352695843743289
7395,0.9436421923291645
7396,0.9991041906513796
7397,0.0045077952219579175
7398,0.2751352475823865
7399,0.012950490902264581
7400,0.01718509488845522
7401,0.008369043372909784
7402,0.003495795191695335
7403,0.21137320375316315
7404,0.006588044945842721
7405,0.24885497028204956
7406,0.9805194850087011
7407,0.004082085016671186
7408,0.06481198254500777
7409,0.021951732612512216
7410,0.11453413874100159
7411,0.07122826893088122
7412,0.9986137139705427
7413,0.10465706053647818
7414,0.0077637814816992395
7415,0.9992663320907667
7416,0.3039137795561774
7417,0.8327245096080014
7418,0.007167171667337937
7419,0.8970007321127862
7420,0.9266797340920266
7421,0.708629551390794
7422,0.1738931293555312
7423,0.4198865483237379
7424,0.16594781902002345
7425,0.22693214506982087
7426,0.026585704746568992
7427,0.9938488993957648
7428,0.12364340687573085
7429,0.957065623608373
7430,0.9787410172164983
7431,0.017810635265320465
7432,0.00800283994900714
7433,0.45785823679171156
7434,0.44828460365348677
7435,0.3953366574748215
7436,0.9779251188109805
7437,0.08191815578268151
7438,0.9692081723684032
7439,0.023942001043376154
7440,0.002072322265919164
7441,0.8978960067635713
7442,0.05520357306661982
7443,0.06005040768118547
7444,0.11234287433500538
7445,0.9805838926010924
7446,0.42899502781133503
7447,0.979653029289475
7448,0.6320084215139061
7449,0.4989091074923336
7450,0.13809927725456567
7451,0.215913257650443
7452,0.009659046927296853
7453,0.9935057691175508
7454,0.014541170451598164
7455,0.23110866062701743
7456,0.14265591236701294
7457,0.020638181735269073
7458,0.020955113942038923
7459,0.04862967203987116
7460,0.044367671502981834
7461,0.05257820733623054
7462,0.6059256908949027
7463,0.5031880485368
7464,0.011965426296861804
7465,0.001162082813368688
7466,0.001510881103394638
7467,0.8827813515591421
7468,0.37059579845484864
7469,0.006080196165043749
7470,0.2147746275741792
7471,0.8058392959638712
7472,0.238202486645141
7473,0.006435806629136653
7474,0.019626615588801622
7475,0.04368565888975313
7476,0.0030199084879812704
7477,0.05017581626812534
7478,0.0025365246371182315
7479,0.002898341498973501
7480,0.5901956259065115
7481,0.03446103796518194
7482,0.002057843681030531
7483,0.9987188868882458
7484,0.012302732356525669
7485,0.005913025364561451
7486,0.1628317302656517
7487,0.13780384498813472
7488,0.03669853644885164
7489,0.036541912791269046
7490,0.0010995639025821462
7491,0.08515642807483244
7492,0.036511148812766715
7493,0.11995347129170097
7494,0.01242854172227182
7495,0.005077170700620193
7496,0.16368194238649045
7497,0.028826936315539627
7498,0.05814619435626843
7499,0.005267663619902661
7500,0.04005071316669788
7501,0.23459269374694386
7502,0.2712887194552137
7503,0.9616859738570871
7504,0.005896649418837651
7505,0.07735251469822808
7506,0.012392541700989686
7507,0.01811624888784943
7508,0.7685521267370417
7509,0.18973777551814347
7510,0.9670872559440917
7511,0.10014304619505388
7512,0.044685708149237204
7513,0.0027408690333336513
7514,0.02952797250838586
7515,0.24370122101328207
7516,0.05568821060645642
7517,0.00718365392796853
7518,0.01731491716059428
7519,0.9889288158883767
7520,0.03299544713130709
7521,0.005574091414597561
7522,0.002521497990870439
7523,0.9862729261085821
7524,0.3281390972392349
7525,0.9881726033786011
7526,0.0037454798818381875
7527,0.9992050362652178
7528,0.0708098372314356
7529,0.23906334714509891
7530,0.06454334719283972
7531,0.004582515488072099
7532,0.9910337182853652
7533,0.13370880762249962
7534,0.00455846287060567
7535,0.9623037367368438
7536,0.9221008440179002
7537,0.17505379463947476
7538,0.0014110662559273985
7539,0.010842790032390193
7540,0.5842299271466296
7541,0.029306430760177454
7542,0.9563175856853282
7543,0.31613080123038656
7544,0.029021294546699952
7545,0.963698701908827
7546,0.998898937740785
7547,0.05201342669821729
7548,0.11667259171617009
7549,0.40284708800907165
7550,0.01565574156754791
7551,0.9842090600927478
7552,0.5303081322397636
7553,0.3887277632263624
7554,0.3201185016894012
7555,0.9792434573359629
7556,0.2827651338961038
7557,0.007915186906783132
7558,0.20835843413390456
7559,0.11340478976754348
7560,0.671442745782302
7561,0.05832854709758814
7562,0.02521900748045052
7563,0.022170717724540143
7564,0.2809117004736575
7565,0.09033015093569202
7566,0.18253282104327045
7567,0.9208321030586393
7568,0.022085763328989018
7569,0.9964970141796856
7570,0.1708755051633049
7571,0.00962575655298544
7572,0.04046063325948961
7573,0.004903117737682459
7574,0.009222412794381768
7575,0.1736753435615293
7576,0.013064427294915786
7577,0.1571747884845843
7578,0.016048933395467688
7579,0.9459853273272404
7580,0.9951298127935142
7581,0.3919166547723566
7582,0.5704305674392095
7583,0.9778229048803373
7584,0.005952646187521398
7585,0.5739177776024892
7586,0.19546460791913398
7587,0.9439291577713202
7588,0.0010646366403534997
7589,0.992299264165245
7590,0.29760626336351526
7591,0.08833776510193207
7592,0.011492506940668855
7593,0.013865863616071315
7594,0.017804562467283656
7595,0.9976162695787927
7596,0.008585015746255397
7597,0.9229719485228798
7598,0.4243419606134326
7599,0.0056672790659510145
7600,0.006465163264980848
7601,0.002381421946775167
7602,0.010428791558730149
7603,0.9634868568872444
7604,0.07838135547191921
7605,0.3323778671730574
7606,0.8943060216550458
7607,0.2921967817285603
7608,0.038904326559164246
7609,0.0032102248485536096
7610,0.18013649898967724
7611,0.006942925247613488
7612,0.11212794601091042
7613,0.0548216037042068
7614,0.02838959716864705
7615,0.7356329919603374
7616,0.604343237155484
7617,0.01906455783045349
7618,0.4325686239333058
7619,0.15118109823405368
7620,0.01853189413252012
7621,0.07012521173544756
7622,0.9917972135576006
7623,0.9918158880160703
7624,0.06714680669424578
7625,0.030430750637927242
7626,0.3829190366626358
7627,0.9956769053685928
7628,0.9802052262709844
7629,0.1339720058840333
7630,0.9940849902831772
7631,0.08169282279992075
7632,0.19706332867552992
7633,0.4215769040521273
7634,0.0009875559429839199
7635,0.46652379215650946
7636,0.37807702167642415
7637,0.4519956049148088
7638,0.9711080114593571
7639,0.002570741609687369
7640,0.04478529435694967
7641,0.23769865586128097
7642,0.08306875307235315
7643,0.03397829869236767
7644,0.005343143904989814
7645,0.05116174521252942
7646,0.08935117447867302
7647,0.06437998866965504
7648,0.0019100995827337312
7649,0.018135743424297347
7650,0.9951689874561025
7651,0.9941391082671394
7652,0.6363309007421045
7653,0.020427976194283017
7654,0.04565435785024938
7655,0.9921305422733646
7656,0.4132384639469822
7657,0.8971313990305194
7658,0.023791665795771418
7659,0.6550229287638214
7660,0.10080246703232032
7661,0.022397254789396203
7662,0.010671047427292192
7663,0.5017470673611241
7664,0.7023850766931855
7665,0.0012450973454536769
7666,0.006829713684558234
7667,0.020633136271376352
7668,0.01852239412208447
7669,0.1307162158612832
7670,0.22570300208728675
7671,0.4758088242236892
7672,0.957500398417582
7673,0.9301303411646089
7674,0.03778897244890927
7675,0.21769944613675968
7676,0.1277793990848486
7677,0.12882734927915976
7678,0.3120100508955913
7679,0.01317211145462338
7680,0.002110799150385057
7681,0.0007687239464060516
7682,0.002092241479320714
7683,0.9680977982141354
7684,0.00552767616339973
7685,0.9763527865127648
7686,0.9988061115053597
7687,0.006284283602231679
7688,0.03835655575036299
7689,0.9521607035200651
7690,0.025074302419796808
7691,0.02976442889226838
7692,0.37190742427448514
7693,0.25264575140677414
7694,0.5415211709100382
7695,0.006427224830491414
7696,0.06360765188815003
7697,0.5428070206298252
7698,0.007571359920139373
7699,0.14878805425279978
7700,0.011731168081622726
7701,0.06820418220482014
7702,0.3566347489200794
7703,0.9933281741058155
7704,0.8733029836801731
7705,0.0014179751691970582
7706,0.14126145375499854
7707,0.21839618333424438
7708,0.02465897408763974
7709,0.019249308845430906
7710,0.008454520189336066
7711,0.06382905172285253
7712,0.007744497200252564
7713,0.6071183920328437
7714,0.0015435115068327219
7715,0.5321648459988669
7716,0.00097833635580446
7717,0.028061450322146346
7718,0.46046458304292137
7719,0.9734611127638836
7720,0.517420738813824
7721,0.032618964279978443
7722,0.14072050145302048
7723,0.27336707792404275
7724,0.03623719068366674
7725,0.04617963959511332
7726,0.6457300091356513
7727,0.9888443992961823
7728,0.010190138539661203
7729,0.714449399708991
7730,0.877898698408125
7731,0.12975420964397444
7732,0.9973577001047799
7733,0.012579676122821359
7734,0.00981358809071008
7735,0.043369378442131734
7736,0.0063327774577047365
7737,0.3000321603013073
7738,0.12977849171023195
7739,0.1278141504697949
7740,0.9954021012568861
7741,0.9994216296715535
7742,0.007547188194362285
7743,0.5940465524036664
7744,0.9828601861330089
7745,0.9768271455952713
7746,0.015624582592791293
7747,0.9528956533033097
7748,0.6345959038953619
7749,0.26498612167145147
7750,0.03324531450322261
7751,0.03736839781875507
7752,0.9929812476458844
7753,0.24953501321145466
7754,0.008122620069824999
7755,0.5137692162989287
7756,0.7378066674963722
7757,0.09903997900667935
7758,0.8025228517036387
7759,0.13515799599933276
7760,0.09576683458222088
7761,0.6889962626022269
7762,0.06346892940397496
7763,0.18263190203084356
7764,0.03516984808976372
7765,0.08632170467027718
7766,0.004847054688001612
7767,0.0998083990274495
7768,0.9991110910400166
7769,0.844967093843508
7770,0.7836522044980329
7771,0.22370094812224567
7772,0.009044976008872531
7773,0.11610428037058902
7774,0.9054221563372348
7775,0.834423535277902
7776,0.009019491523376694
7777,0.2848425381773262
7778,0.9930320185689865
7779,0.9509430323022723
7780,0.06915072006345198
7781,0.056917885988197504
7782,0.9676582267429854
7783,0.10125597036466277
7784,0.09934225106305268
7785,0.999072863230267
7786,0.9699951649857743
7787,0.988117537534742
7788,0.9903770461290728
7789,0.31841147746189863
7790,0.9892755020856416
7791,0.9976459699422496
7792,0.9631331217653302
7793,0.4290575822623639
7794,0.9906248242827014
7795,0.6459671054960051
7796,0.04588561675950105
7797,0.011504909316868558
7798,0.06775551127475252
7799,0.9993923360292348
7800,0.5544662534719578
7801,0.5467554109416385
7802,0.026520907568116307
7803,0.003000201428248975
7804,0.0069481917456388435
7805,0.05672275224060342
7806,0.9352636396606524
7807,0.9597923438860547
7808,0.9101669528473494
7809,0.004437043114327098
7810,0.9875638602950186
7811,0.9862382133703288
7812,0.05854366414470909
7813,0.9939937832080206
7814,0.9957157470660487
7815,0.5369058786952637
7816,0.3671992440196338
7817,0.0007103697350123599
7818,0.001981517297661589
7819,0.04511755498780357
7820,0.011340244038801978
7821,0.00239633616973473
7822,0.12256517807383255
7823,0.9952392886916834
7824,0.004362202553588831
7825,0.9973099469901097
7826,0.5098184891534746
7827,0.08684615223033258
7828,0.9967244744223274
7829,0.7351290103812567
7830,0.3109016054016755
7831,0.9363222344159403
7832,0.07288282631114243
7833,0.999405861466302
7834,0.0027062929199612763
7835,0.027441556850142455
7836,0.9945156556154633
7837,0.007463288943071519
7838,0.010991010987994938
7839,0.02788153773452246
7840,0.9934783137909424
7841,0.029620283646978406
7842,0.1361310840624185
7843,0.031144798515623608
7844,0.9259613408597227
7845,0.011208747772815478
7846,0.9379356329842987
7847,0.0013469050524673133
7848,0.8291402790188511
7849,0.9419761953991543
7850,0.16087936555366633
7851,0.0033256194282524592
7852,0.7488648504342277
7853,0.003728447445835438
7854,0.16049734408755792
7855,0.9710224550119794
7856,0.05926175606265069
7857,0.03893006577343459
7858,0.013464940403562942
7859,0.9959739889535975
7860,0.36823995155660233
7861,0.6480201776785791
7862,0.20508294761608908
7863,0.024079991088843605
7864,0.030086984487144412
7865,0.016701894861971617
7866,0.9893522153767127
7867,0.008954407998909172
7868,0.6635707302980047
7869,0.8652323286245684
7870,0.2454071790037474
7871,0.09509463233525776
7872,0.4934605307921373
7873,0.9936137617138561
7874,0.9894906691146055
7875,0.03735058724152584
7876,0.03832625582328158
7877,0.9348297262746514
7878,0.9992415342923799
7879,0.978900275274684
7880,0.9954817545191235
7881,0.21795716263127352
7882,0.9978537627755298
7883,0.6412789083046918
7884,0.0055370190186283435
7885,0.051608255855198314
7886,0.002053252748780144
7887,0.022063413160880046
7888,0.9836552646280897
7889,0.026947958880555477
7890,0.9526568169422005
7891,0.019015410371797267
7892,0.36303126951139586
7893,0.7191389379290072
7894,0.0017899819416598902
7895,0.16429990848446246
7896,0.008224312694829747
7897,0.027939179175455752
7898,0.14279571946640757
7899,0.06742546869796012
7900,0.4594711004251145
7901,0.09348644207003648
7902,0.010531424824413823
7903,0.9113774641563201
7904,0.0035211935963950364
7905,0.043742644801606
7906,0.37598532219854097
7907,0.6615330337661345
7908,0.5988544200449751
7909,0.10650227571135323
7910,0.010689305484118016
7911,0.9956079561876374
7912,0.008608162224105508
7913,0.003183463758431708
7914,0.006902405283711262
7915,0.9085039294720652
7916,0.016814465397146476
7917,0.7201976081603159
7918,0.2132858596870672
7919,0.11178692057729576
7920,0.9681886672294193
7921,0.14394404252668092
7922,0.030550095612873463
7923,0.00893699495068674
7924,0.009173823175912801
7925,0.10938029643908487
7926,0.19397863210577182
7927,0.08378490616253366
7928,0.2519395968817588
7929,0.1377769602250415
7930,0.8591678905058702
7931,0.0010658539042684829
7932,0.018496871484272794
7933,0.030639363127736238
7934,0.012274697661067153
7935,0.492842307328346
7936,0.0831809945990582
7937,0.23242624296087575
7938,0.2981802795840284
7939,0.04579048776335456
7940,0.3184677797875427
7941,0.002863660232811998
7942,0.007602827061324581
7943,0.4471339492803953
7944,0.02936225351560064
7945,0.0048905107079591096
7946,0.2667038025825484
7947,0.07145072623389502
7948,0.1791141364331311
7949,0.949850743878552
7950,0.04586072049186025
7951,0.977191483868216
7952,0.9515806424247003
7953,0.5091059605859948
7954,0.048889227448681793
7955,0.08601030140878983
7956,0.20789531597245908
7957,0.02916617888562688
7958,0.725713611837293
7959,0.07734610031094379
7960,0.013632076189153589
7961,0.017215834129197805
7962,0.00747240638482888
7963,0.7665075543910962
7964,0.17639442259018795
7965,0.0302016877470455
7966,0.9879840343227284
7967,0.01373420717057127
7968,0.8475327354280959
7969,0.009303431005147658
7970,0.9980996896937328
7971,0.0013388308984912428
7972,0.0043770495457116304
7973,0.0199141551532261
7974,0.00322624252133481
7975,0.27527002705150627
7976,0.8701870592428148
7977,0.025729181095285634
7978,0.9306647561481036
7979,0.02626096910092845
7980,0.879062422156635
7981,0.13727920864419757
7982,0.08226415810973296
7983,0.20374126547726829
7984,0.005184055444717772
7985,0.014561855048826445
7986,0.007935406010975532
7987,0.03177184134361131
7988,0.038405044211398176
7989,0.0026797810723368566
7990,0.4531151545347132
7991,0.9958245892317784
7992,0.4899099623649389
7993,0.212394600958426
7994,0.9818923061915893
7995,0.018869882308311495
7996,0.7264172601156667
7997,0.9850613676373955
7998,0.07041966296955103
7999,0.9927919222954427
8000,0.00470803868444746
8001,0.011818202149522141
8002,0.9437397504363081
8003,0.06138348709208198
8004,0.04899404152235243
8005,0.04949949233044516
8006,0.3119030580990767
8007,0.12754856196908493
8008,0.3567603647880462
8009,0.004310562187674845
8010,0.06626672275417268
8011,0.45492907979975145
8012,0.16509616365625934
8013,0.2974688482051984
8014,0.993488301608452
8015,0.11506290231116356
8016,0.013496210425668285
8017,0.07553480483258175
8018,0.8552594190082407
8019,0.011404958518221715
8020,0.0024462615538898115
8021,0.01587875722737367
8022,0.03309008199224331
8023,0.12143831799117955
8024,0.9461542548901127
8025,0.021845838585301567
8026,0.9409363414929341
8027,0.0027745120076475317
8028,0.10332487484153755
8029,0.12677476699533805
8030,0.12868143399808574
8031,0.9321395792397973
8032,0.04835465323266772
8033,0.0028133137430408064
8034,0.1163382690637377
8035,0.061589526450757784
8036,0.0009349079753287897
8037,0.02328741887842087
8038,0.013301414306651434
8039,0.003751051856095004
8040,0.0031146699803962902
8041,0.03722155585061927
8042,0.8555997541312239
8043,0.8755072471733603
8044,0.014986230845214103
8045,0.041959101831849685
8046,0.019324547944501964
8047,0.3336310971774657
8048,0.9992919615212554
8049,0.04617455601525046
8050,0.27980432640812136
8051,0.965262151154167
8052,0.0072718809831616065
8053,0.9905871276242706
8054,0.010162361565846007
8055,0.022986021333020603
8056,0.9947959547638981
8057,0.9946040078998494
8058,0.028023918323270676
8059,0.05638020510446537
8060,0.0003892521122382033
8061,0.09241922878349684
8062,0.6783514341881314
8063,0.04625328685202365
8064,0.06593788256672165
8065,0.6539287308869618
8066,0.28761300534003775
8067,0.2795248401274776
8068,0.016272277125791452
8069,0.13285539927995255
8070,0.47986361256302
8071,0.9858680315005884
8072,0.2152137997316799
8073,0.9948347110537175
8074,0.9395287297519987
8075,0.0053288009099534085
8076,0.9973206863512083
8077,0.9923950324473962
8078,0.1601983382527636
8079,0.99725479286196
8080,0.12143297698591962
8081,0.04338825981432752
8082,0.010329587092471
8083,0.9699544624803469
8084,0.0015885547411728226
8085,0.8657961346927265
8086,0.004504303492169869
8087,0.0036431518840676974
8088,0.03114392233872467
8089,0.9753530527198283
8090,0.018485697179409757
8091,0.9970551836579303
8092,0.99303049803131
8093,0.042016860744953845
8094,0.8163996560919802
8095,0.005913023725648564
8096,0.998554662788464
8097,0.021057371502894627
8098,0.0013440950964400563
8099,0.6805082477877054
8100,0.03513000229238378
8101,0.14953736784907526
8102,0.0017934963324677707
8103,0.0033872419246655785
8104,0.9616055580403428
8105,0.1966317525006775
8106,0.003657740821472473
8107,0.12783142518592533
8108,0.7213801348063771
8109,0.8272764771850378
8110,0.33923559461939745
8111,0.0031304200025154333
8112,0.9806558038213214
8113,0.06494907212021372
8114,0.006310751923686029
8115,0.08364579137529866
8116,0.9936319005623466
8117,0.8995818555634051
8118,0.21605360902200646
8119,0.03962423297779417
8120,0.017710903175309912
8121,0.0016443901664168585
8122,0.997140530559101
8123,0.03137638867443247
8124,0.08373371461328946
8125,0.019954132695935236
8126,0.6059059757755015
8127,0.9895907980504122
8128,0.04884946812826532
8129,0.017248060000294968
8130,0.8768001177588558
8131,0.07434184802175212
8132,0.0035178088976199305
8133,0.04655205265698834
8134,0.986599236092305
8135,0.7505713963378421
8136,0.11229226857634489
8137,0.03923865161150245
8138,0.0039873544039955985
8139,0.0703795268804089
8140,0.009897231261601197
8141,0.05609343231462384
8142,0.5565014760916349
8143,0.13423347183965356
8144,0.08569152172335054
8145,0.5311468943353028
8146,0.012818808256946576
8147,0.13214764811248372
8148,0.04347147034913669
8149,0.6136513175085343
8150,0.023522419357861403
8151,0.9974683079995674
8152,0.8178166864589063
8153,0.015908476974915063
8154,0.085030505994514
8155,0.12091741390775523
8156,0.03490921916950661
8157,0.016520868934318263
8158,0.1794667900438532
8159,0.0020442199136717298
8160,0.808273724588774
8161,0.2873778258689824
8162,0.005217557476440377
8163,0.008366124532817132
8164,0.3879364109535445
8165,0.005209057944047955
8166,0.08749085517677273
8167,0.9922398904073846
8168,0.0997902035460518
8169,0.9119496986096592
8170,0.4054060374937829
8171,0.014276096310937297
8172,0.3743073242800381
8173,0.6876749351860475
8174,0.018906310315570586
8175,0.9055541253777293
8176,0.07461629601488028
8177,0.02637310297334791
8178,0.8137376129002256
8179,0.10901272465324689
8180,0.0016115470213251663
8181,0.21519630026221676
8182,0.9778842627853591
8183,0.6488154287184471
8184,0.014060082415635111
8185,0.014922565759727094
8186,0.45824179416946925
8187,0.5704351596604181
8188,0.9927260363068485
8189,0.33869262366002484
8190,0.2157343653461862
8191,0.03291369977765249
8192,0.9893712286628664
8193,0.0161303065406259
8194,0.018142028650442114
8195,0.007284782661795469
8196,0.9881664256922555
8197,0.21284012262265653
8198,0.6967714645304011
8199,0.02214469312253172
8200,0.4273353989976957
8201,0.1293966673399702
8202,0.00533104352378099
8203,0.2660769533834769
8204,0.6540790672475739
8205,0.059266361473516105
8206,0.02585482851604922
8207,0.12290583908826308
8208,0.9967606954681338
8209,0.8215442427638007
8210,0.4494396477045014
8211,0.035582850188680695
8212,0.0019110197811510105
8213,0.0023550590445594144
8214,0.9539876690757779
8215,0.09335666017085945
8216,0.02992498621255471
8217,0.5848452328205721
8218,0.3632054467246243
8219,0.004025754775010765
8220,0.05658264450179833
8221,0.994231893169196
8222,0.012639969898306914
8223,0.13969448760726827
8224,0.19171217747460315
8225,0.42290690976444867
8226,0.37781185241568777
8227,0.024878330158689788
8228,0.009750776164934832
8229,0.0011715568148790525
8230,0.3498185842731635
8231,0.009000622747310517
8232,0.999022625648017
8233,0.01940871611610597
8234,0.32646616842046017
8235,0.9844959223986277
8236,0.9977663207976941
8237,0.005931395015492122
8238,0.014546532014596783
8239,0.02718154798668095
8240,0.9621038113459264
8241,0.9977429887618303
8242,0.013411808040889076
8243,0.04893779773062232
8244,0.04467658209316131
8245,0.3427110253136142
8246,0.17049846502181146
8247,0.9967395141486141
8248,0.3322071127078931
8249,0.2980761157385084
8250,0.36392618307473673
8251,0.11932646603957932
8252,0.2292400985986996
8253,0.41610419704335455
8254,0.085599954595298
8255,0.9602015829491013
8256,0.22805786617589957
8257,0.0006723552383262691
8258,0.5722030925538769
8259,0.22038057613457615
8260,0.0016412349714092797
8261,0.005500992320878565
8262,0.1517105423299833
8263,0.08311416462040132
8264,0.003383934236960849
8265,0.04235008393102712
8266,0.22317561760572915
8267,0.9935493796402857
8268,0.05429336002622631
8269,0.4489220584209369
8270,0.054165522423237425
8271,0.19562743501598137
8272,0.15661975657436722
8273,0.20348837311387843
8274,0.05091226122126579
8275,0.9884425718167162
8276,0.09701703455075769
8277,0.4192923485960377
8278,0.09124437212158862
8279,0.047874258390619914
8280,0.27102858552687287
8281,0.0030475745784273437
8282,0.036238614123967616
8283,0.9991414933378447
8284,0.36375172297804576
8285,0.9876574890006032
8286,0.029949257330921228
8287,0.006787022540778312
8288,0.9604888643991429
8289,0.2867187001783792
8290,0.00799460432574756
8291,0.011665905515718316
8292,0.0021530858287596264
8293,0.15131006667679167
8294,0.49563874874886826
8295,0.3277294407925651
8296,0.008323421573234926
8297,0.9119389609092495
8298,0.44819615607497887
8299,0.9967306917012619
8300,0.018282418809492596
8301,0.002746681968365708
8302,0.045605554765817194
8303,0.05964497702974179
8304,0.050645747242431045
8305,0.011917371111465267
8306,0.37586360686379516
8307,0.9903840886492873
8308,0.0012364463124663523
8309,0.32496848422110486
8310,0.2747398477865033
8311,0.9964055036850548
8312,0.9591674645290935
8313,0.20190454665090113
8314,0.03487743401106985
8315,0.9975413009295742
8316,0.9242911397734982
8317,0.021379133257011594
8318,0.0046109691625141795
8319,0.021000996534259214
8320,0.005874029424307014
8321,0.005169004550792135
8322,0.35267772572318595
8323,0.07561575204928445
8324,0.010998395444311781
8325,0.0030622575479251415
8326,0.3029550415040837
8327,0.034473027367415934
8328,0.08135198829582953
8329,0.3501726193916801
8330,0.9976288192211884
8331,0.2558694168182392
8332,0.28218391310336516
8333,0.001098387426813129
8334,0.7715436794080022
8335,0.9453503960013148
8336,0.6247726253559672
8337,0.051884028334365985
8338,0.0018417137596026516
8339,0.013929725597063328
8340,0.042050664353759114
8341,0.25554464684287015
8342,0.9884385322576178
8343,0.08279082268716748
8344,0.9903351934159842
8345,0.0064049707109559
8346,0.9890896176351637
8347,0.061482667315524424
8348,0.08458300912028036
8349,0.14442504990190433
8350,0.19256054004994883
8351,0.013275747660983135
8352,0.9848424901569337
8353,0.7088738077696671
8354,0.0012075050191284787
8355,0.980171126551922
8356,0.05174861006327956
8357,0.41895833761186585
8358,0.2311739311095914
8359,0.8847611610701736
8360,0.9958525785946216
8361,0.4333567311262851
8362,0.9873936190187986
8363,0.20616718079988403
8364,0.9988592834006302
8365,0.8152741482972772
8366,0.00740917577459508
8367,0.3613545070397519
8368,0.8505981656655257
8369,0.0025255850404356053
8370,0.038659184411911705
8371,0.7400618117458642
8372,0.19122425775995716
8373,0.7016938003294204
8374,0.23973231224288233
8375,0.12608970165970484
8376,0.07782962602380333
8377,0.015012715150870317
8378,0.14551651409361505
8379,0.017260926100394702
8380,0.6967893520326554
8381,0.5132991024265701
8382,0.999482703382819
8383,0.029412992391776797
8384,0.0038218804947690015
8385,0.1061543190746691
8386,0.9669472220761203
8387,0.9761016056697107
8388,0.2550019426980469
8389,0.13519764459268
8390,0.0017324971091646165
8391,0.08659466666458357
8392,0.0027014623539690307
8393,0.7225719450626192
8394,0.4098832118166539
8395,0.23101646366588957
8396,0.04314764973456304
8397,0.9984799869206902
8398,0.9915632140382613
8399,0.07856051774536445
8400,0.05499814095515482
8401,0.6653752188369105
8402,0.9555143876732684
8403,0.7418238387390115
8404,0.02927180732492496
8405,0.9003499774809488
8406,0.13990014263258393
8407,0.9938740051141159
8408,0.0013105090049947315
8409,0.024179546727402086
8410,0.033067628876783974
8411,0.07004938382419801
8412,0.05742656677999904
8413,0.04373322563491361
8414,0.029177559635097973
8415,0.22906155267297396
8416,0.0015065974426203064
8417,0.035938792786886005
8418,0.017590319641891877
8419,0.8731789401245418
8420,0.006041502204125447
8421,0.9984979169255429
8422,0.03496999892613924
8423,0.25542114048502357
8424,0.001148165795598033
8425,0.6832661406566116
8426,0.999137372755692
8427,0.5785724403242922
8428,0.9885184857441298
8429,0.08946749363228565
8430,0.012524237942915493
8431,0.43035390665162354
8432,0.01526823538348538
8433,0.8935918346056051
8434,0.2877071599287312
8435,0.08044617039342755
8436,0.9299192082972456
8437,0.7522535891349691
8438,0.015685596767494973
8439,0.1516515164809026
8440,0.01921082270380533
8441,0.5745556452970606
8442,0.005206559326471344
8443,0.4327315625533381
8444,0.05712234942286912
8445,0.002075686210110664
8446,0.00884213624122029
8447,0.2734707547170774
8448,0.05791797662983338
8449,0.7351885448886427
8450,0.0284671066694582
8451,0.09127128105620802
8452,0.0015320103064633626
8453,0.9991093615524425
8454,0.794492670400197
8455,0.19099693894612021
8456,0.3867725822829249
8457,0.040535114848585574
8458,0.99836282409721
8459,0.2995170550004185
8460,0.21954554855845046
8461,0.10521756525294351
8462,0.03429895467697259
8463,0.014314337302311665
8464,0.11835770382778821
8465,0.016579561530332198
8466,0.980601016305236
8467,0.005461088403461111
8468,0.8916800679929265
8469,0.16616129971627483
8470,0.044517818778469234
8471,0.9943853493759848
8472,0.9977270954532358
8473,0.05895417698737916
8474,0.0038968008972482134
8475,0.8900482515132919
8476,0.21072334605591955
8477,0.578678162416224
8478,0.7918993949711627
8479,0.00405951653156998
8480,0.00541438106514484
8481,0.0015397219107232826
8482,0.005651217769148464
8483,0.003334586508647621
8484,0.2632890623653368
8485,0.17142936951932491
8486,0.1327187708840788
8487,0.009407198977084502
8488,0.0009659213765376755
8489,0.8709287389060973
8490,0.13648536221611396
8491,0.9631470586944992
8492,0.7794034321082156
8493,0.011635194395333953
8494,0.016213735413421283
8495,0.9886088337457425
8496,0.20803394674854936
8497,0.035653847901094556
8498,0.08886651406172774
8499,0.4972551578486392
8500,0.018794716736069857
8501,0.13303176288960633
8502,0.09694365798035764
8503,0.8520993111405122
8504,0.011086649549817884
8505,0.01814941580611059
8506,0.03745011341817115
8507,0.10716286447288996
8508,0.011967278162582619
8509,0.02488985927588324
8510,0.04045200915362448
8511,0.005371723473368833
8512,0.03304530947669875
8513,0.003534419922758371
8514,0.024501913660921925
8515,0.24094171918495916
8516,0.03569669089358274
8517,0.028358582549533246
8518,0.16548078959020635
8519,0.010816068707807311
8520,0.0030028937973991298
8521,0.14644767298726186
8522,0.8755164295558815
8523,0.1463988418720828
8524,0.9963449279993202
8525,0.005208774045301408
8526,0.8313684285694407
8527,0.017390927929156152
8528,0.0478765776939907
8529,0.8084346666352085
8530,0.8231323131280187
8531,0.9688838508645519
8532,0.752165904035047
8533,0.004216615415832852
8534,0.024078814576937384
8535,0.9973866217163138
8536,0.20393889129394474
8537,0.13306315701236585
8538,0.6574861146496856
8539,0.02151683660807761
8540,0.3263525835760037
8541,0.3155431287595188
8542,0.08393646739122525
8543,0.970220219949212
8544,0.9925605626987206
8545,0.07844581864671686
8546,0.03000507702789903
8547,0.10164172893988657
8548,0.29366704159424234
8549,0.018361438326836784
8550,0.03835448207841754
8551,0.025107695205716436
8552,0.042166145988842926
8553,0.06514292134453348
8554,0.2377216061928242
8555,0.006634487048855503
8556,0.13285062535280573
8557,0.854256783635168
8558,0.9961595009856872
8559,0.8577454933893578
8560,0.992778059201014
8561,0.7786697933386306
8562,0.0994732768771298
8563,0.06784570952531498
8564,0.010695770082254188
8565,0.022211639599079833
8566,0.9624815847698464
8567,0.6142699574719716
8568,0.990796360580664
8569,0.39326164452085055
8570,0.7100533551682517
8571,0.005852051513235862
8572,0.999291314761894
8573,0.4985433444855794
8574,0.08786494165424526
8575,0.17315312175396363
8576,0.0009268640286728451
8577,0.9315895656360197
8578,0.972037675900847
8579,0.035353887036103995
8580,0.46596817016556946
8581,0.3845245868051048
8582,0.006373145666439935
8583,0.5907784670377495
8584,0.9097884577302117
8585,0.0038196536585254643
8586,0.02150396175678735
8587,0.025205135491294238
8588,0.06811974024306273
8589,0.012239967396830902
8590,0.5543975698678575
8591,0.9948938723725509
8592,0.263357333996264
8593,0.04987207203438597
8594,0.0023129611216131715
8595,0.9864391952721696
8596,0.5050544320666852
8597,0.0033136282633541222
8598,0.9471137752374441
8599,0.854044795620545
8600,0.11887262860668493
8601,0.0556244823927988
8602,0.06745387709017735
8603,0.18193949336211737
8604,0.42484474874820616
8605,0.034417319646005584
8606,0.05209577476317799
8607,0.319909783340086
8608,0.9918993759935879
8609,0.021626792481345147
8610,0.03481341154302923
8611,0.6069812828508583
8612,0.11906148377801604
8613,0.9962398938347917
8614,0.9752567892613797
8615,0.2205388124378656
8616,0.12388890885895124
8617,0.05512463097839559
8618,0.616990983923462
8619,0.012410557257427998
8620,0.06775348925504505
8621,0.9355608384385664
8622,0.08386427250882258
8623,0.883353310060539
8624,0.007451906352806068
8625,0.05534540009813724
8626,0.011983347754221753
8627,0.02541554880375155
8628,0.43100268542664416
8629,0.0031199362379417716
8630,0.9676968222986178
8631,0.037750032276843065
8632,0.04588745988332882
8633,0.9800978712291597
8634,0.0809146719281977
8635,0.9032957487691472
8636,0.9557844994251794
8637,0.9959143834965853
8638,0.003910061383101791
8639,0.6988875340564242
8640,0.021293549655541276
8641,0.5001213956929796
8642,0.0019408098621547891
8643,0.9616641743227835
8644,0.00225550282408374
8645,0.0020553989852031157
8646,0.33701598055592646
8647,0.2774815542593681
8648,0.048489283562397026
8649,0.22549361886630415
8650,0.0025036399250537166
8651,0.005409212596859418
8652,0.8268454356778405
8653,0.002116993635744262
8654,0.007346748956389681
8655,0.0024527044957425434
8656,0.007248102795593009
8657,0.3809819235469501
8658,0.1453301965106114
8659,0.02677005795962476
8660,0.0015289119721780748
8661,0.3260277950785257
8662,0.0018745705505907604
8663,0.11625202851008554
8664,0.001462718602828982
8665,0.006188341200275357
8666,0.9867635656340913
8667,0.059773090245292135
8668,0.029061358200217394
8669,0.11639832690636895
8670,0.0007417150928203523
8671,0.6691515818147061
8672,0.957848244098058
8673,0.03469436580784441
8674,0.03669523884008
8675,0.9885656332726447
8676,0.9783150364617732
8677,0.005355242948380823
8678,0.09193660386540825
8679,0.06071145580883945
8680,0.33689881795586096
8681,0.26578812699293625
8682,0.9863052410011136
8683,0.8619357782049305
8684,0.20912753776727347
8685,0.004841308095009001
8686,0.21319817677674452
8687,0.004815401752989199
8688,0.9056581836424487
8689,0.037614403439425646
8690,0.11779422008519078
8691,0.9914321678479657
8692,0.10442482807825117
8693,0.029162716077925525
8694,0.9992761980949592
8695,0.9945549687134594
8696,0.02473053315788875
8697,0.9834509400911148
8698,0.055098962473704334
8699,0.03278764176138065
8700,0.036473141359224893
8701,0.9755341140898701
8702,0.014810966629881775
8703,0.03971354863215664
8704,0.0010098432379278676
8705,0.2932850461277251
8706,0.9993149524036025
8707,0.01428457191165266
8708,0.012153410260008171
8709,0.014889893288364688
8710,0.07572819964149231
8711,0.02227231510049464
8712,0.04099076033382148
8713,0.2585294763462387
8714,0.9635085057656617
8715,0.025262114076386892
8716,0.004017010745752021
8717,0.501380924879515
8718,0.9760946027088604
8719,0.023646079374844878
8720,0.019840318172017552
8721,0.010427388734421651
8722,0.9827689644768668
8723,0.004379629203612765
8724,0.0012155277054880765
8725,0.026139937040661428
8726,0.015234706033645287
8727,0.017615201533938776
8728,0.18983434856712605
8729,0.9986114050080378
8730,0.8601461912459429
8731,0.8342811221958606
8732,0.9003026149336859
8733,0.763541423946978
8734,0.006477630655274526
8735,0.07036720757038187
8736,0.7176968619926503
8737,0.92109102071037
8738,0.21830981108305111
8739,0.3755796900485748
8740,0.9929411993256894
8741,0.9960017616216481
8742,0.997144075865529
8743,0.02635617667145297
8744,0.0017603678305136215
8745,0.047980657069500415
8746,0.2612920663418468
8747,0.06301843738633622
8748,0.006968148122456703
8749,0.026981074175415842
8750,0.014272765313744832
8751,0.10279004272982599
8752,0.7693811559065133
8753,0.8868959456359915
8754,0.16411689706264296
8755,0.9893128490178655
8756,0.3234117548936255
8757,0.23925052242256128
8758,0.01384141413484444
8759,0.4111612468901
8760,0.0019602659169777542
8761,0.8801976312112579
8762,0.014158648322307375
8763,0.9930947593679031
8764,0.10743790860101649
8765,0.2383106283880808
8766,0.0018417053573580515
8767,0.1214096819031572
8768,0.021498066327784653
8769,0.23687864651551743
8770,0.015245787364531155
8771,0.003179627643810037
8772,0.02266070789698214
8773,0.011477463272492007
8774,0.8539980674519223
8775,0.020486702148168643
8776,0.026498103045588903
8777,0.5274737078070625
8778,0.06849374734016202
8779,0.005408154641164672
8780,0.0046391843396639855
8781,0.9731142559790671
8782,0.07937796239928595
8783,0.06587698577848064
8784,0.0009053225057129549
8785,0.005867427385940246
8786,0.145092956618609
8787,0.001824608264276009
8788,0.9923379682621997
8789,0.049556814884126665
8790,0.9860327836956935
8791,0.14642837971830028
8792,0.00915903284299296
8793,0.04071265564790183
8794,0.9563276182535558
8795,0.8715011998181303
8796,0.004894495618271386
8797,0.9300913999307868
8798,0.8620631118526851
8799,0.02014397016650004
8800,0.01314470519278563
8801,0.04465763988770503
8802,0.00950962347688314
8803,0.7116853953564752
8804,0.02554912031799
8805,0.11309426585525283
8806,0.2235490271999206
8807,0.009846021199748449
8808,0.2626466455139465
8809,0.3519135022846455
8810,0.014979923288418469
8811,0.27952377818717034
8812,0.9814759621133815
8813,0.011174257679586273
8814,0.3947774082472887
8815,0.9903518835326821
8816,0.9376688418942523
8817,0.9958278802859477
8818,0.9825284864245047
8819,0.2722712336693861
8820,0.3401448087335267
8821,0.16563028589205211
8822,0.8107527221636633
8823,0.9818481544794839
8824,0.0070152675241270755
8825,0.03177518234832321
8826,0.07921421754134274
8827,0.6658793814633671
8828,0.18797704757573452
8829,0.14668118569932334
8830,0.02530763184791416
8831,0.02587459751642056
8832,0.30571661116569226
8833,0.013434479588241965
8834,0.7935650820816572
8835,0.003229273935948555
8836,0.051894381274288394
8837,0.20566833306252924
8838,0.4698471622852034
8839,0.20244355751958354
8840,0.1273284643598358
8841,0.9966621923371135
8842,0.9715266535958696
8843,0.018769472759253183
8844,0.6173407747888497
8845,0.05793783811920973
8846,0.005056130730930552
8847,0.027004064861706478
8848,0.9952031946870247
8849,0.03597429425149647
8850,0.9853976621347502
8851,0.1762614518149402
8852,0.762797536970371
8853,0.34361285595933305
8854,0.0015154173497745258
8855,0.01253731855477899
8856,0.015522830021488479
8857,0.03260061481291977
8858,0.09263251910694378
8859,0.6904417302152441
8860,0.06693071467296924
8861,0.03642014600541252
8862,0.024400824560570064
8863,0.34516758512437157
8864,0.0025726226313485126
8865,0.7646180609565871
8866,0.9919435500761224
8867,0.028555544226270473
8868,0.8902546240049449
8869,0.3428689427892849
8870,0.1464144304899735
8871,0.33707279209479973
8872,0.011223336686068387
8873,0.006752906488052956
8874,0.5802397873855488
8875,0.031578906849612606
8876,0.0016886851619378092
8877,0.9991255185978761
8878,0.0006534850798737
8879,0.039964530883559064
8880,0.004093182368160262
8881,0.2880897690614496
8882,0.18482157560071774
8883,0.27961138439129674
8884,0.9708950141915722
8885,0.19229182661926955
8886,0.06037910060382251
8887,0.034210067270442325
8888,0.018962625004985228
8889,0.015696442904078498
8890,0.07596233779547902
8891,0.12887377041162182
8892,0.16239705978399463
8893,0.616688082682667
8894,0.1208585615200911
8895,0.9795371665628483
8896,0.5373243190653291
8897,0.4843670277424331
8898,0.7125622415299699
8899,0.13530069661381833
8900,0.45979932253838196
8901,0.46307748935540477
8902,0.9994150782018879
8903,0.6271797963028782
8904,0.7584390567448279
8905,0.5588873534346641
8906,0.9800876674285409
8907,0.1339754446232469
8908,0.07051935927121296
8909,0.9400449334012291
8910,0.3600026025266148
8911,0.0045128471783884355
8912,0.22437500811880812
8913,0.02744154360533195
8914,0.04294430693771422
8915,0.0570852539447666
8916,0.005992460863584165
8917,0.11315050474088295
8918,0.040125406153143056
8919,0.345446262641842
8920,0.0857818482824437
8921,0.09996058679636458
8922,0.9891042828514086
8923,0.02768468743690558
8924,0.6253550263990055
8925,0.5358652684213351
8926,0.011985625811582933
8927,0.6819713042922746
8928,0.9539862694782064
8929,0.4377148087342785
8930,0.6650965846315962
8931,0.11276371413487576
8932,0.9914629977090197
8933,0.04462216694014387
8934,0.3507116626338488
8935,0.7221834349569191
8936,0.8433909140342077
8937,0.005714915041677954
8938,0.9883805344779812
8939,0.04628924959787817
8940,0.18766738644102343
8941,0.0017816456283786721
8942,0.23135073432960157
8943,0.31580558660573355
8944,0.7481930781723005
8945,0.5521145134716585
8946,0.18107604786900594
8947,0.9889744481492884
8948,0.13568424604323767
8949,0.44468400421514354
8950,0.9114208255825713
8951,0.9987333185475197
8952,0.07435735531948034
8953,0.00833764331621858
8954,0.010102679666269973
8955,0.9877755158028578
8956,0.8447099033882572
8957,0.9832315680313415
8958,0.9772930924941481
8959,0.5429837439716085
8960,0.025891879072121097
8961,0.9056799783041722
8962,0.009312501299570838
8963,0.9597812413368572
8964,0.48862290269248587
8965,0.024967911750558527
8966,0.15425925597062423
8967,0.03163675553120218
8968,0.014420702004479511
8969,0.00816732447921982
8970,0.002054317085448642
8971,0.00893130936881546
8972,0.013267069073616737
8973,0.36173671778889327
8974,0.010681145561790126
8975,0.8219487618904595
8976,0.037610282885650353
8977,0.05423717281972007
8978,0.45941438342318863
8979,0.0008055199025537882
8980,0.00471007625414749
8981,0.8573638276881301
8982,0.05495799571675762
8983,0.8698773108166058
8984,0.0016427735764320427
8985,0.01097340088453196
8986,0.004519441227498495
8987,0.0186786264907103
8988,0.0025039532883944786
8989,0.2578803489248578
8990,0.0037075903695130297
8991,0.0947240889757211
8992,0.009739381681395366
8993,0.07222782182300569
8994,0.9858967825012886
8995,0.6500924616458706
8996,0.07035241596630891
8997,0.9901975187536065
8998,0.03164108653550204
8999,0.1108223147585738
9000,0.10731215752006842
9001,0.1606159624872883
9002,0.003151951156455791
9003,0.9957439505969519
9004,0.2801195447552915
9005,0.8106891753945805
9006,0.9908644825386833
9007,0.17539938228656887
9008,0.03370688280401538
9009,0.07680113304345064
9010,0.9102116053052284
9011,0.9770107400108403
9012,0.006267145485724467
9013,0.00943775060085097
9014,0.06397637968334959
9015,0.008562566545230505
9016,0.3069321661531922
9017,0.05843283873932337
9018,0.9334424024792309
9019,0.23549106882679616
9020,0.009090850942442177
9021,0.3521005853991357
9022,0.03546362016515536
9023,0.0764329791784604
9024,0.060854972529383336
9025,0.4770658326555366
9026,0.1452482935611336
9027,0.9990727320115731
9028,0.03684033804763783
9029,0.00623728140318147
9030,0.5654071033227819
9031,0.26794784167896313
9032,0.15827139295854883
9033,0.9913731641377395
9034,0.022996588533508357
9035,0.006147804417878846
9036,0.032250792868992365
9037,0.08318659590742575
9038,0.15352231950853537
9039,0.2790602935123104
9040,0.005722180512901942
9041,0.44995906035789046
9042,0.036905228021815145
9043,0.4140445012379844
9044,0.013949874080390803
9045,0.051204706690109486
9046,0.00747947289853146
9047,0.09367542656801513
9048,0.08781654997405314
9049,0.9950024065739103
9050,0.12527156861101885
9051,0.9890036083783149
9052,0.008746516438314478
9053,0.009578447512786359
9054,0.043243818371817636
9055,0.3018700464357837
9056,0.49435535794041474
9057,0.06536443344205317
9058,0.9990656454966587
9059,0.1138813161623065
9060,0.012569714011810925
9061,0.22663138488268886
9062,0.982561209511676
9063,0.004848282061821975
9064,0.008517645423588046
9065,0.5564488734991293
9066,0.18123868995213654
9067,0.4175066726253163
9068,0.03450983909217893
9069,0.009260337642330536
9070,0.06785956348377782
9071,0.10978845989791836
9072,0.9164314555555229
9073,0.8793443851072723
9074,0.9900151467505328
9075,0.0019471414087734403
9076,0.9443035093324963
9077,0.0042237572169342525
9078,0.1887178960733118
9079,0.6440927185324632
9080,0.7832103107814276
9081,0.5762870563395894
9082,0.6740051741945139
9083,0.307523177540801
9084,0.05982472872896576
9085,0.992853734393314
9086,0.9586071619910258
9087,0.9975097365728398
9088,0.8691826288306833
9089,0.13259396982139288
9090,0.4372497227183639
9091,0.2841879603231706
9092,0.6510377999384296
9093,0.01206782345633486
9094,0.008484502708676785
9095,0.7116840031182442
9096,0.9587420071126005
9097,0.0022465858869109854
9098,0.051635678424498295
9099,0.29691902012748833
9100,0.003105476301813087
9101,0.8548222853981673
9102,0.04614585429971558
9103,0.9020699670283703
9104,0.09700121574468533
9105,0.07345335450064874
9106,0.06982600828149388
9107,0.010931506739571556
9108,0.3732431174328181
9109,0.31518300752073924
9110,0.0006282056440429912
9111,0.9654107334068593
9112,0.0029162557696549157
9113,0.878819962987442
9114,0.008658828267587567
9115,0.9407247038810056
9116,0.0945972360741561
9117,0.9264559824313742
9118,0.3867161826105417
9119,0.709565756005479
9120,0.030976039024163356
9121,0.7830309920504981
9122,0.11853985951413358
9123,0.3669564309885517
9124,0.002566938920234429
9125,0.7877747743334629
9126,0.10451528348169684
9127,0.032412164476638944
9128,0.001926041670195998
9129,0.006889991587413841
9130,0.4004352125535093
9131,0.9936972176343375
9132,0.09559594336898346
9133,0.01414252853752978
9134,0.08049502614180623
9135,0.6861007365108451
9136,0.009306723124587152
9137,0.014889735248429608
9138,0.019404521591072654
9139,0.03295805684186199
9140,0.9771098978341093
9141,0.04034524968534406
9142,0.014081414225585932
9143,0.9661090482095602
9144,0.14611116950953035
9145,0.03976714846090227
9146,0.0018798663661738523
9147,0.06244312722230551
9148,0.2790042334225123
9149,0.02358033654405807
9150,0.09955775748399472
9151,0.0023022776249478683
9152,0.7014692489761236
9153,0.346586944827464
9154,0.883900472836336
9155,0.9889016069630209
9156,0.7931741994015069
9157,0.9794941916360492
9158,0.4043989711660828
9159,0.0014923863483733996
9160,0.20900281998226733
9161,0.005995448172031907
9162,0.03633076894111725
9163,0.0025663019285924542
9164,0.040197775815629444
9165,0.00801252522888387
9166,0.9760092070723114
9167,0.01132583587584219
9168,0.09193644935563916
9169,0.9910933250049775
9170,0.9083460721225446
9171,0.9909341352100197
9172,0.8869745428232853
9173,0.6501011337475054
9174,0.04076074035562642
9175,0.01300512288762257
9176,0.0018081303177111038
9177,0.22028590891310668
9178,0.46950365368448543
9179,0.024098311523540673
9180,0.010896425853750207
9181,0.288677483296816
9182,0.0018885891499969432
9183,0.012095872315435473
9184,0.2904748918642482
9185,0.01588859240123607
9186,0.07700504767561524
9187,0.03597228474961019
9188,0.02653354328883232
9189,0.9176274477980507
9190,0.0034416141562381834
9191,0.09409187610173136
9192,0.993398180784545
9193,0.001384160033541134
9194,0.01178977555407289
9195,0.016947651161591006
9196,0.8927146938155549
9197,0.019090866237038505
9198,0.0034377103880829972
9199,0.023852491553005374
9200,0.059281115073973115
9201,0.9990886850787861
9202,0.024317801283528458
9203,0.021618620006297558
9204,0.22203378067596544
9205,0.001772707624022261
9206,0.5374629117915131
9207,0.2882166281554553
9208,0.002990381830571595
9209,0.005252877666325788
9210,0.9906118252304418
9211,0.917056851589779
9212,0.5571165626600458
9213,0.03354000544341664
9214,0.034589798396527656
9215,0.04303090341610314
9216,0.19881368423562545
9217,0.05354309266874112
9218,0.2831928071611585
9219,0.01646988173512628
9220,0.013569512268593409
9221,0.32678746477608495
9222,0.04992216086947708
9223,0.9578905141348519
9224,0.08934708639358256
9225,0.9843529994723985
9226,0.9972244619437213
9227,0.049278679424904895
9228,0.005762897688543283
9229,0.007504575449300389
9230,0.13430576367593794
9231,0.03933910635187267
9232,0.9665118445871034
9233,0.004375298479592769
9234,0.06207195230430235
9235,0.1759585378839387
9236,0.013868588266138742
9237,0.034376469045614554
9238,0.42333157528999826
9239,0.20620565358713946
9240,0.7988104575237616
9241,0.14579809031741506
9242,0.0006040442409614575
9243,0.997066135156376
9244,0.007009211465119225
9245,0.06432581046556171
9246,0.3460971234998133
9247,0.03172116924100174
9248,0.996411506710599
9249,0.9991836327391854
9250,0.031080628178459017
9251,0.6917198128142193
9252,0.004057675249223514
9253,0.0011849791235062994
9254,0.1316418529413386
9255,0.9992218098124321
9256,0.07248795520914605
9257,0.4286171276827148
9258,0.8840765895096521
9259,0.007903298406417453
9260,0.04088637352355365
9261,0.9876073501916177
9262,0.6678871601538374
9263,0.005978697034474017
9264,0.008916515493979933
9265,0.01030008788827903
9266,0.9037896555577742
9267,0.8397037569835776
9268,0.04739335787184301
9269,0.930263974094466
9270,0.0025343798289166517
9271,0.0006139122128759187
9272,0.0314861725254848
9273,0.029723474152220743
9274,0.013906698598273926
9275,0.023513101375618482
9276,0.015363434509865131
9277,0.0841976258522497
9278,0.9924431887713063
9279,0.0807970439118922
9280,0.6037018989751104
9281,0.9807502490092872
9282,0.3228455394418658
9283,0.918540309573677
9284,0.050991345996592934
9285,0.28889086018908483
9286,0.2292037181489703
9287,0.7038428041960691
9288,0.1055224251178915
9289,0.11884521570444244
9290,0.06313656691069855
9291,0.08190936885045078
9292,0.46422205423063634
9293,0.3733744394757743
9294,0.12972758823556765
9295,0.13600943343735458
9296,0.1417730795517051
9297,0.9932189070236191
9298,0.07426335390814622
9299,0.006402893597881636
9300,0.060128309014261555
9301,0.07479637552162216
9302,0.09917886149307631
9303,0.01441569391109897
9304,0.024643806061895118
9305,0.0017341624316263202
9306,0.06457311203249662
9307,0.5361097404947867
9308,0.9899476630890296
9309,0.9913007780373871
9310,0.013101121618226996
9311,0.9260168608812784
9312,0.9357572385623552
9313,0.9176260236254354
9314,0.007945990571987516
9315,0.8678364453101579
9316,0.9593616997139092
9317,0.6639931179361585
9318,0.0023016211547273535
9319,0.036057918305584365
9320,0.03894907500756697
9321,0.9791902629847873
9322,0.9586443667149431
9323,0.11313177348058236
9324,0.004114809585236577
9325,0.00880537656143153
9326,0.35326939524308193
9327,0.019788034677062805
9328,0.8142765631142743
9329,0.1134206958803313
9330,0.899684025004458
9331,0.1400606912022133
9332,0.012401008063671233
9333,0.020653081386709037
9334,0.3369562860596848
9335,0.01041994473855715
9336,0.06539411931348223
9337,0.8181488116805746
9338,0.4043515278761249
9339,0.31196378979156264
9340,0.07380582337292418
9341,0.01537776815243852
9342,0.013939606800073358
9343,0.010780391819790208
9344,0.037525667840940934
9345,0.0019098231427172184
9346,0.042197012133253956
9347,0.02729880491375929
9348,0.02145056716154091
9349,0.033056654471421316
9350,0.09591508750576166
9351,0.02215169987098329
9352,0.07030435733673202
9353,0.023746332993470554
9354,0.016782042131012725
9355,0.26500091142548476
9356,0.29730314071796154
9357,0.02974232090359075
9358,0.4100257683539282
9359,0.9966662086007467
9360,0.06402371114776763
9361,0.0014289283199157912
9362,0.023687616876851107
9363,0.11791240361800427
9364,0.3404247220959195
9365,0.0022020831022837367
9366,0.17934804677519892
9367,0.9915165573439497
9368,0.14979009196056847
9369,0.07788223042717027
9370,0.9927572970515506
9371,0.49512929207786066
9372,0.019748795620960963
9373,0.003090806417457994
9374,0.01623245128847714
9375,0.15171524117762827
9376,0.8002999009957239
9377,0.19258692006456435
9378,0.9993022832660995
9379,0.08309583320483183
9380,0.03442960417018447
9381,0.9940262038706014
9382,0.06995137821177652
9383,0.9838907887501818
9384,0.5394043969860549
9385,0.9951536398538443
9386,0.0013392781699487427
9387,0.6008746611068723
9388,0.37331727254739144
9389,0.7118713352512318
9390,0.00613047673941218
9391,0.17912142498501787
9392,0.042045380603154756
9393,0.021064055720402108
9394,0.1855478415186066
9395,0.9729432309449124
9396,0.009963685246175838
9397,0.9986606173530754
9398,0.005812696816199742
9399,0.000971541476420334
9400,0.44611931951024886
9401,0.03621911933788276
9402,0.17011848030904703
9403,0.042354461061126204
9404,0.9972176764813883
9405,0.7222805386756097
9406,0.0011219657706227097
9407,0.0020426415839110523
9408,0.5140552712437744
9409,0.1060837549122037
9410,0.9142456311576861
9411,0.41869474052154876
9412,0.039071954348179595
9413,0.015429666553657042
9414,0.007088639728634664
9415,0.26742373356228305
9416,0.005684927918014533
9417,0.025453405237798564
9418,0.048148083855205
9419,0.40221949732547607
9420,0.996371894033161
9421,0.041924703331545465
9422,0.9994120808072912
9423,0.07788221475123115
9424,0.9443981056447064
9425,0.996164155384087
9426,0.5406866124662344
9427,0.058818692328965645
9428,0.060289135837936055
9429,0.7451788369651415
9430,0.0007553318819104737
9431,0.9488950925260786
9432,0.002156247951075857
9433,0.8720100106783898
9434,0.010816436305673128
9435,0.999269562264821
9436,0.9946839958560396
9437,0.0023886145115164887
9438,0.634523603474032
9439,0.01958927781228839
9440,0.17500867129185477
9441,0.7642614105978769
9442,0.1892157783739347
9443,0.021953802472828944
9444,0.027864969271457343
9445,0.9741101910070442
9446,0.006963558188285893
9447,0.9782115980703423
9448,0.017436482374466003
9449,0.015504033396937135
9450,0.024945345670910828
9451,0.0031758017736417104
9452,0.9957651029830731
9453,0.523936090887866
9454,0.021346265989568285
9455,0.022300796360344745
9456,0.004254965921517546
9457,0.6379678433441198
9458,0.0055396711551735
9459,0.4516561024659802
9460,0.01000222142327408
9461,0.9842888454932295
9462,0.38347169788014723
9463,0.061734163175284996
9464,0.3246793034822113
9465,0.0012170687382111619
9466,0.3410369877107686
9467,0.9654873568889191
9468,0.04498189614554391
9469,0.0013413758531519897
9470,0.9918558420649911
9471,0.016869617063408636
9472,0.9917302181417051
9473,0.09844610460530415
9474,0.9935729519908534
9475,0.013185608755611849
9476,0.018162441478542696
9477,0.03652300426192681
9478,0.7028655230554421
9479,0.09904566072214237
9480,0.9387684277169805
9481,0.969683497049272
9482,0.36850259040835603
9483,0.9857630581021721
9484,0.07069962175382205
9485,0.34126132242182966
9486,0.9843586513179945
9487,0.9495281988143833
9488,0.9893889225111072
9489,0.11218046835693535
9490,0.008272448382295029
9491,0.03241925753459057
9492,0.9823017803270417
9493,0.21244060313917096
9494,0.15749029142901164
9495,0.0020333519195235056
9496,0.031903309085838966
9497,0.07943312404347146
9498,0.28957504158712233
9499,0.9905026184282211
9500,0.32142588333042726
9501,0.1054128385995152
9502,0.9897320013185873
9503,0.9943880590139368
9504,0.5217287741762207
9505,0.8270160127724131
9506,0.9972161720623531
9507,0.015395775238358415
9508,0.027911610894509543
9509,0.08370425892731127
9510,0.009600189614576786
9511,0.1494270327204848
9512,0.5335567730388527
9513,0.8795164696301465
9514,0.11899603887960072
9515,0.042604857446094435
9516,0.14310691301419984
9517,0.021956982051404783
9518,0.018022650322280506
9519,0.018661556496521084
9520,0.0010793095680036936
9521,0.012201933191677134
9522,0.49050913417942427
9523,0.06046904481945158
9524,0.019973491386172215
9525,0.0009900528949600355
9526,0.39807997762423275
9527,0.020422370162544574
9528,0.10439140999024286
9529,0.3105426380776673
9530,0.03988877150187252
9531,0.01555660564508127
9532,0.012383418605134706
9533,0.44881005119798323
9534,0.9239187180821862
9535,0.86008004682168
9536,0.023960284790105868
9537,0.9981228919439997
9538,0.016864962302789877
9539,0.3816283837706735
9540,0.996560682671451
9541,0.1748613030588904
9542,0.4054223166306561
9543,0.002301931196447149
9544,0.025123811734737687
9545,0.046727661732601344
9546,0.9920598402168642
9547,0.7320996373174691
9548,0.012936937662092257
9549,0.3511580033310837
9550,0.851953015005763
9551,0.8965929973237496
9552,0.9894434679497679
9553,0.38321015851654633
9554,0.9961073844753879
9555,0.3783369680841491
9556,0.009840540698260028
9557,0.9830343899916149
9558,0.06215462899031112
9559,0.06743723971334084
9560,0.0021204143432797216
9561,0.2725061151662483
9562,0.9980650046904893
9563,0.21398965536365233
9564,0.9835578067160319
9565,0.002247761975077335
9566,0.07302643741127547
9567,0.9970266035989508
9568,0.011197508386839014
9569,0.08486292003200849
9570,0.025644464607851244
9571,0.09634674252905065
9572,0.3896148726823097
9573,0.940977581288545
9574,0.7917107988209051
9575,0.10609149514130167
9576,0.9808562046981681
9577,0.19426179425910545
9578,0.0031973313956274695
9579,0.003757580590678573
9580,0.9423535524353744
9581,0.9607318860694951
9582,0.007826709067149374
9583,0.9779529775508304
9584,0.9242595821392189
9585,0.05088763349732682
9586,0.0020781207197853218
9587,0.026039096633131056
9588,0.9874236666027074
9589,0.02483359346625664
9590,0.02329094365374949
9591,0.11939235587429817
9592,0.3435026469620722
9593,0.026550494096557766
9594,0.9952164839380114
9595,0.9969894357244231
9596,0.03139236226620571
9597,0.9327429916959221
9598,0.9946254126675933
9599,0.1783102808294316
9600,0.939351276412073
9601,0.910708314665619
9602,0.004025128337900309
9603,0.04731671310264549
9604,0.048289284577931045
9605,0.14420842846602863
9606,0.0007345074511362873
9607,0.3323472055432287
9608,0.36247591328397455
9609,0.3183949518637632
9610,0.004859000022862563
9611,0.0013652936867748389
9612,0.005382392940846128
9613,0.05935058611726753
9614,0.22937909734694184
9615,0.42424479121720404
9616,0.9266185535183536
9617,0.023781219882832792
9618,0.2097752001025891
9619,0.05260743398365082
9620,0.0047212995530330586
9621,0.3548441336709902
9622,0.005231603246058156
9623,0.6507681176504739
9624,0.29030865025842717
9625,0.002403396717577035
9626,0.04985373175467321
9627,0.08485388070867872
9628,0.9967562476257038
9629,0.7609382002895233
9630,0.971584456348197
9631,0.9992708706917679
9632,0.9982475388702904
9633,0.027934776933720283
9634,0.08588081022910164
9635,0.9994615972195298
9636,0.9966180852151375
9637,0.004547232974372715
9638,0.06813042623684405
9639,0.1094836046706584
9640,0.26653931377670187
9641,0.00308892057229558
9642,0.03426353323295318
9643,0.07006054077372935
9644,0.9846240513136744
9645,0.20369567840272604
9646,0.7646739662448213
9647,0.4490088761822019
9648,0.0009673523251194191
9649,0.3073513139005003
9650,0.004911274868843344
9651,0.9979428432601773
9652,0.7654865806473996
9653,0.3030087094593369
9654,0.19734655633898263
9655,0.016773014661047157
9656,0.4719491477963791
9657,0.9911814246575085
9658,0.9993702292425443
9659,0.012499651935066669
9660,0.07784823815521907
9661,0.04812936881332511
9662,0.986400433830344
9663,0.008630158481800092
9664,0.003077797006148482
9665,0.04849749641655743
9666,0.01342899233813138
9667,0.16657712713102366
9668,0.2888319938771808
9669,0.037219758552779224
9670,0.30693660199845785
9671,0.4013815587134074
9672,0.054782320393949514
9673,0.03320475262438642
9674,0.8089738215961891
9675,0.06317615739462676
9676,0.12257069739548769
9677,0.0010390555870793728
9678,0.966083288471469
9679,0.02168502406560894
9680,0.31548722799989637
9681,0.6675545096632313
9682,0.15668925873845868
9683,0.9601455738689973
9684,0.017238820172892824
9685,0.8694002563570842
9686,0.1427479312254144
9687,0.18734015579665544
9688,0.011109403880233003
9689,0.010957126813398796
9690,0.3019731209890417
9691,0.9369087514253376
9692,0.04554861220599266
9693,0.028680761187056095
9694,0.6605660574567338
9695,0.008274999087899491
9696,0.9773112954443819
9697,0.630413846096483
9698,0.053794486563493095
9699,0.006652532916715293
9700,0.03771755288208977
9701,0.21761942292293796
9702,0.9986516421119281
9703,0.17738684215201944
9704,0.05416081167151964
9705,0.08262187519249432
9706,0.8252701532937045
9707,0.097134517674659
9708,0.016462147756712935
9709,0.1034378668907081
9710,0.8064028768725979
9711,0.09606868051457627
9712,0.5566036251459345
9713,0.7363918753917957
9714,0.011127836071410411
9715,0.018428451475365717
9716,0.29207328298871904
9717,0.017917339450118544
9718,0.052239905073914863
9719,0.03291702460955075
9720,0.9976046977237096
9721,0.9746785570482244
9722,0.084392818554431
9723,0.012682855837515468
9724,0.1971586700226325
9725,0.8691627021029553
9726,0.18025847653940663
9727,0.23540220081304575
9728,0.3470252221158833
9729,0.015502761833939893
9730,0.9894631586156781
9731,0.006698957530071642
9732,0.0023318644262396394
9733,0.0046981889070125
9734,0.05747984512902242
9735,0.20111428975778378
9736,0.16617503496102895
9737,0.028136208722791132
9738,0.019463169299033866
9739,0.9904562105539749
9740,0.07201729934354048
9741,0.08107676046184809
9742,0.1619017306962455
9743,0.6574053663568935
9744,0.052524396690624545
9745,0.9716472936957832
9746,0.0025463223435659406
9747,0.5471036107477683
9748,0.88186802709401
9749,0.9923425677961495
9750,0.0033762124680046897
9751,0.9928724693508173
9752,0.0058506108027961985
9753,0.9941049800345403
9754,0.4283245940564033
9755,0.9980913483914374
9756,0.14728980896277713
9757,0.9951225576722886
9758,0.3406996271655976
9759,0.03706537700478359
9760,0.0015962266477384454
9761,0.15404404898897037
9762,0.002643263003052964
9763,0.05384623696460579
9764,0.9578537753577324
9765,0.0808435238616693
9766,0.3385388387575064
9767,0.916171401203786
9768,0.5049455543940591
9769,0.011072559095519598
9770,0.641002665518544
9771,0.02570757488677808
9772,0.023557596682654367
9773,0.8691493902201672
9774,0.004644409766205174
9775,0.051929284102072495
9776,0.0012130924960959179
9777,0.15946646822556826
9778,0.16492105185042902
9779,0.1895054554117273
9780,0.996935406830241
9781,0.11649489289853512
9782,0.9505361992997763
9783,0.268689573125065
9784,0.3514230189632967
9785,0.9955730281420931
9786,0.5385786451141078
9787,0.03079903599511683
9788,0.0022455757742753453
9789,0.29903476237740306
9790,0.2320373696739218
9791,0.05438245864900126
9792,0.13398689720877494
9793,0.3194460962105752
9794,0.4998501033383725
9795,0.03938729629337272
9796,0.022688474594141965
9797,0.9538314686401496
9798,0.7538182907277822
9799,0.11567244093989598
9800,0.13125381968658345
9801,0.020494299027904686
9802,0.07803733944599804
9803,0.007818715663564858
9804,0.8776521230046354
9805,0.004191986043590822
9806,0.8328849480801988
9807,0.017810820658282028
9808,0.03873369258142845
9809,0.049920290859089694
9810,0.006120455227997844
9811,0.031088295885204183
9812,0.01354350599609793
9813,0.001107790900837068
9814,0.1548362696039016
9815,0.4017624513816521
9816,0.3975687933883451
9817,0.013433346196859368
9818,0.22606598143258602
9819,0.9758406945507034
9820,0.06992181469954482
9821,0.02403207721239891
9822,0.002002870032435387
9823,0.9791988906832536
9824,0.3485450196942155
9825,0.9966573377623169
9826,0.0027633489807259186
9827,0.9971820968179019
9828,0.5936237417662033
9829,0.7053292382469691
9830,0.9870621973719633
9831,0.008243224656017656
9832,0.025024306762590213
9833,0.19517826349867473
9834,0.031236027000889642
9835,0.6907162465975125
9836,0.9929990439166833
9837,0.9983891995782819
9838,0.0013104228188243045
9839,0.030995629891045623
9840,0.9985236894994106
9841,0.024085783039202467
9842,0.3837227162220631
9843,0.8245612154233546
9844,0.2040982612653899
9845,0.0008939169736710348
9846,0.7136863134153593
9847,0.2778006355622348
9848,0.03099947661835093
9849,0.0030570558184368603
9850,0.35364859025642364
9851,0.025325853406817086
9852,0.02109463500211819
9853,0.01323426780704208
9854,0.06962970177679717
9855,0.15601986030067372
9856,0.028151530982511105
9857,0.9901713987050367
9858,0.019489216065501844
9859,0.9321073401803561
9860,0.06288036482327629
9861,0.10720324701988249
9862,0.04329768984923924
9863,0.0038013671060191253
9864,0.9467924683690265
9865,0.9988360592983506
9866,0.031499789092982226
9867,0.001953911215431165
9868,0.7540886627134062
9869,0.18965487534689246
9870,0.9298199821166335
9871,0.9799485764397634
9872,0.19390463286472406
9873,0.012114471353317979
9874,0.9377941953323581
9875,0.11221061055948153
9876,0.07096071399781177
9877,0.1483804578707783
9878,0.03104549574192593
9879,0.8819815533169497
9880,0.0035217195642865125
9881,0.9905206318213211
9882,0.9658274050058209
9883,0.009987803313501816
9884,0.012758660342528125
9885,0.04088452973566493
9886,0.0607631809900664
9887,0.019740141806270248
9888,0.991662554680985
9889,0.9993348746395334
9890,0.25384632343777463
9891,0.010092460454993592
9892,0.2139470148201135
9893,0.337347506373683
9894,0.1661414911741659
9895,0.049503424204194374
9896,0.8736861741910809
9897,0.0514687893885426
9898,0.053083517604316385
9899,0.14281510202678868
9900,0.2618813679200566
9901,0.03830569068475991
9902,0.052741464438237864
9903,0.02524997141022533
9904,0.852865730547188
9905,0.01923056818917217
9906,0.26054968403896306
9907,0.4626734920496015
9908,0.0075737124888497175
9909,0.9930091240754357
9910,0.9617466592849944
9911,0.0353201782981243
9912,0.056474223914547206
9913,0.005243424313063887
9914,0.17702704378021633
9915,0.9954489593596344
9916,0.07872756504657871
9917,0.08052626710412322
9918,0.009485915782731547
9919,0.7397200282176355
9920,0.00999322812309212
9921,0.4963013514135313
9922,0.0011019266897564848
9923,0.3642554646485809
9924,0.2275438918845082
9925,0.17798638733939942
9926,0.034494984354756966
9927,0.2023629731092416
9928,0.002456344147050996
9929,0.9848940164549139
9930,0.9830588696629123
9931,0.3376487791142835
9932,0.24004298909057703
9933,0.13024877334440904
9934,0.019212653086066175
9935,0.9793819951040031
9936,0.9971170426938702
9937,0.48346190582614706
9938,0.39125589849960235
9939,0.10755394880012378
9940,0.07734220412304729
9941,0.031890446598684286
9942,0.07317059855783006
9943,0.006703306162204035
9944,0.05562398542131593
9945,0.9894147773477586
9946,0.038605723580133075
9947,0.1098164948297177
9948,0.013543064130952338
9949,0.004748094418439226
9950,0.05382006963649616
9951,0.5077855171130731
9952,0.003412344753809991
9953,0.9986786860756884
9954,0.9350777858613972
9955,0.14112200338299785
9956,0.7011430518579597
9957,0.004090800502573122
9958,0.99597144292343
9959,0.28261100598772815
9960,0.9293049216112302
9961,0.013351297378999562
9962,0.044476228064274405
9963,0.010031326355988635
9964,0.35718592011679545
9965,0.01659935542581728
9966,0.003584996210701752
9967,0.003375079795623582
9968,0.09816738444973445
9969,0.0033901774012850827
9970,0.06379365355178895
9971,0.9979966303377215
9972,0.081784181313198
9973,0.011230486616666605
9974,0.07837830130458812
9975,0.987870050084992
9976,0.19918432238956077
9977,0.1880401551365608
9978,0.24208346203131492
9979,0.0016301111491123757
9980,0.12379252986588912
9981,0.053314881113597876
9982,0.0014325418654524264
9983,0.1298354357092823
9984,0.012290799389720952
9985,0.002302480907131372
9986,0.01342284229925491
9987,0.13794936616906364
9988,0.06509103193928811
9989,0.01762875619595045
9990,0.10157406595609611
9991,0.9900685508015142
9992,0.046857596975200484
9993,0.02132021445611313
9994,0.6696234126307627
9995,0.0007733071376385791
9996,0.3620350926073254
9997,0.7866053183134072
9998,0.9972824402055885
9999,0.049316088839157904
10000,0.1585392082040075
10001,0.984415276158608
10002,0.39246832638727613
10003,0.13652991802520018
10004,0.016340491355891284
10005,0.985978619372148
10006,0.9683297842486847
10007,0.009033023994410487
10008,0.9958538934599148
10009,0.9674926865139795
10010,0.05902929412907522
10011,0.05000421951878188
10012,0.9543528240671669
10013,0.05238000591655384
10014,0.11187711193493649
10015,0.07328804287373153
10016,0.020651959266003023
10017,0.0053752735560399206
10018,0.0030786900470211325
10019,0.04020088338022464
10020,0.03810248916729464
10021,0.030433367480713434
10022,0.9968077700674005
10023,0.9935509477281
10024,0.8657430314622867
10025,0.013687676717622483
10026,0.03913345595849929
10027,0.10561132389602279
10028,0.9040145396449416
10029,0.03025014993947464
10030,0.0021420019654855723
10031,0.08205978175645316
10032,0.8049188322173035
10033,0.7290560394779184
10034,0.0066094625971076255
10035,0.0038427847780149326
10036,0.022915922595554195
10037,0.981914429187636
10038,0.006324581848661873
10039,0.37989649275933246
10040,0.06498659653992211
10041,0.013406774838940184
10042,0.9599452250443097
10043,0.010083200139098091
10044,0.2590583646890593
10045,0.014064069904545666
10046,0.003906847349607802
10047,0.9191178226827839
10048,0.06129607595208239
10049,0.9472269587153916
10050,0.007175573830053972
10051,0.45316608337386854
10052,0.9836604971129338
10053,0.1220251807844892
10054,0.5279592588397595
10055,0.24558045732625872
10056,0.0020911808902994602
10057,0.981398685970635
10058,0.9931712761168003
10059,0.1510080637315707
10060,0.9524530629515755
10061,0.24884488919238112
10062,0.0015406285093961082
10063,0.04164754996136958
10064,0.9878732580271565
10065,0.40878458292334807
10066,0.08159613733858814
10067,0.012306211726632627
10068,0.008274838496936816
10069,0.06485074170352852
10070,0.02574535252444932
10071,0.516200225860586
10072,0.9584650467194777
10073,0.7841255218601337
10074,0.18454669783375952
10075,0.9199838346086632
10076,0.976952115146332
10077,0.13514035526106474
10078,0.009155566268485498
10079,0.0732408437652393
10080,0.05272057498004951
10081,0.16250576062758826
10082,0.3777183086956706
10083,0.007754811869512315
10084,0.027992714692966252
10085,0.1011873077948742
10086,0.05054698518928179
10087,0.9055218253143867
10088,0.03928055495298041
10089,0.871766015813944
10090,0.0008027317807945171
10091,0.037935657000793314
10092,0.0017534970156804835
10093,0.0237198752258765
10094,0.36917086475202765
10095,0.029074886263323017
10096,0.03199421356482238
10097,0.9962302680801098
10098,0.29339036385521206
10099,0.23914970004915262
10100,0.009887723414640025
10101,0.00632004172813702
10102,0.024817658863310513
10103,0.024389714248107656
10104,0.9830234757039689
10105,0.00415713603601428
10106,0.1815345562915447
10107,0.004043695096613561
10108,0.3015156355633936
10109,0.023281827363866837
10110,0.09011806164223905
10111,0.011137493724965426
10112,0.036455808211028035
10113,0.14242921166050354
10114,0.022128416943009974
10115,0.00356712991237943
10116,0.71185272568913
10117,0.05266977433565677
10118,0.10620516179139661
10119,0.13171848183652374
10120,0.31600932798851394
10121,0.12045932155571107
10122,0.4586793386767672
10123,0.0651924035576634
10124,0.002815295298219372
10125,0.07314009499552727
10126,0.9849340456993054
10127,0.02145647469877874
10128,0.0968959301953507
10129,0.02784829400355368
10130,0.10529108892806052
10131,0.8992288613673294
10132,0.3895621212118361
10133,0.16046671790975744
10134,0.9951829326695668
10135,0.015311794897562394
10136,0.017800909848683877
10137,0.003179037050060202
10138,0.6973515692865727
10139,0.9598429090516754
10140,0.42723641395914125
10141,0.07057248963558208
10142,0.0035811900055485496
10143,0.1935945200016663
10144,0.0016574130817568187
10145,0.0070502659011466035
10146,0.05670645840708029
10147,0.4965989954888854
10148,0.8311406389773623
10149,0.923068175764995
10150,0.05092238737120012
10151,0.015565991424942242
10152,0.003136442058972396
10153,0.9839166825525075
10154,0.06702872964825655
10155,0.08395725135964788
10156,0.37315444432208483
10157,0.25062784912087177
10158,0.7265131676711374
10159,0.3492953824986914
10160,0.9942366866239393
10161,0.02080280267612392
10162,0.8486527042387202
10163,0.9992372887242098
10164,0.0023063931546998435
10165,0.0216494993755103
10166,0.0011420046543091883
10167,0.9351343429308084
10168,0.5165383488014381
10169,0.8863641662389921
10170,0.0059227317707172406
10171,0.3315014102747731
10172,0.2930575416578314
10173,0.08540875212082487
10174,0.0030156472599500448
10175,0.2896039307884201
10176,0.0034372794919428898
10177,0.9993023538525099
10178,0.003220482223972656
10179,0.012256260547658323
10180,0.16493514192183298
10181,0.0027111427662192484
10182,0.08336113368761397
10183,0.9872959523959818
10184,0.9991501744212282
10185,0.9777716707932362
10186,0.28922749417660004
10187,0.0069492932287737895
10188,0.11318089478483849
10189,0.004909646832578645
10190,0.001060609402671454
10191,0.9968737924729333
10192,0.9932288806107132
10193,0.05618250229554372
10194,0.025701145453388093
10195,0.016181709044823137
10196,0.875133270323236
10197,0.03889510790044706
10198,0.022134982798505145
10199,0.0523767513207075
10200,0.0067030440079678885
10201,0.0066301974024924465
10202,0.01591325755116171
10203,0.02455179897346108
10204,0.9772914295278623
10205,0.010814446132269237
10206,0.9990304373077667
10207,0.02626116743982545
10208,0.9641086509555032
10209,0.6496174758774407
10210,0.9933924178684088
10211,0.596177521407881
10212,0.9666813867062822
10213,0.4951289484871949
10214,0.12293554465702386
10215,0.008015021591081918
10216,0.41094166802705484
10217,0.950197124556361
10218,0.004918628307980599
10219,0.08342614671383741
10220,0.020664430645326876
10221,0.0027692020602447815
10222,0.00405804167577057
10223,0.9519564683545158
10224,0.9421372934007264
10225,0.0433957092993309
10226,0.018403711534813592
10227,0.9991588041073372
10228,0.0038657192487776314
10229,0.6626428802522549
10230,0.9986676414995429
10231,0.03704204090330142
10232,0.11384920156251918
10233,0.4419978532409985
10234,0.04749090013810411
10235,0.0052666018095139525
10236,0.028706941120872687
10237,0.43935933802124993
10238,0.09912090171226226
10239,0.9624596646860111
10240,0.03157441790972532
10241,0.031690383657987105
10242,0.10978395627477186
10243,0.08164527977366319
10244,0.002380230356458357
10245,0.992884172707156
10246,0.014205870695141459
10247,0.6898317631935157
10248,0.4581403859661733
10249,0.8260108838368079
10250,0.005668598029628158
10251,0.1290695260007815
10252,0.013283505136242536
10253,0.6999936354725995
10254,0.18066195817208355
10255,0.10581034550613397
10256,0.9762908282006599
10257,0.7036740734760811
10258,0.01336386097282769
10259,0.021108469763281172
10260,0.9954754801935916
10261,0.01019367401312726
10262,0.001139946555266705
10263,0.9612319004646256
10264,0.8394822353172374
10265,0.024549197368235187
10266,0.839744202451983
10267,0.8085223978813533
10268,0.017743603354999412
10269,0.02866679535412782
10270,0.8896457439199743
10271,0.004119161434286618
10272,0.15677928155073306
10273,0.8090381799593084
10274,0.8452516250311086
10275,0.3198395016511648
10276,0.09778122952912177
10277,0.17655774730805202
10278,0.11985737888186279
10279,0.9961661661626717
10280,0.011133273545698041
10281,0.5922293457930703
10282,0.02130472434505174
10283,0.3221964784452106
10284,0.24185082843084743
10285,0.07940463943958397
10286,0.13046407331409163
10287,0.11568462753490359
10288,0.9731260060643516
10289,0.7788128340603353
10290,0.030681985338049667
10291,0.0817029353368244
10292,0.014403364001918629
10293,0.2273710787966944
10294,0.46251679000474283
10295,0.06822228847339805
10296,0.9798607296259302
10297,0.25924112082760203
10298,0.03347572216178492
10299,0.11976645465829994
10300,0.8899577293925949
10301,0.0014587026751661286
10302,0.881545573940028
10303,0.036291281205826406
10304,0.08310003123545165
10305,0.014482195075924423
10306,0.9657348172258851
10307,0.12575228862294047
10308,0.09203136032384424
10309,0.05680145958940847
10310,0.09435837163143078
10311,0.10334730110026752
10312,0.9933109739068982
10313,0.10532760194238046
10314,0.0007405126550800458
10315,0.8838461144235373
10316,0.2965723637181126
10317,0.21245369326615104
10318,0.4154129479165926
10319,0.005905705574502948
10320,0.06215228918929859
10321,0.04249290721807159
10322,0.05795236731895806
10323,0.09048287791497828
10324,0.0010593011659741725
10325,0.37341913500726054
10326,0.6675768766884098
10327,0.010168592971123571
10328,0.905757970321703
10329,0.3161799682350787
10330,0.019008985538578008
10331,0.05445768800310028
10332,0.013252207795439208
10333,0.3936818129392346
10334,0.9704558078862296
10335,0.9918908456379368
10336,0.6042110093569282
10337,0.49277733947234503
10338,0.3241546297770425
10339,0.8602691903869671
10340,0.8343654831570105
10341,0.0878445128986344
10342,0.7431798278690913
10343,0.9684398929194755
10344,0.7889930464484832
10345,0.00711087226835949
10346,0.9897417946644864
10347,0.9723620873664502
10348,0.007958233367197455
10349,0.8548719404847818
10350,0.39230689245216255
10351,0.9934670896002737
10352,0.019574083140042546
10353,0.9849974349833861
10354,0.537544634701159
10355,0.14276604932872627
10356,0.04190787008461655
10357,0.07068365386579217
10358,0.9951357421784741
10359,0.03442044894720332
10360,0.9915284442402572
10361,0.9865379085491184
10362,0.0065805711743648
10363,0.0979695756413044
10364,0.1529109879017667
10365,0.010069809175704103
10366,0.08043583467395818
10367,0.007240117248943195
10368,0.9973323849674001
10369,0.007459453599396919
10370,0.004925962919789995
10371,0.1137977350788654
10372,0.0560979988632329
10373,0.5056254418420372
10374,0.9941818247519415
10375,0.0011345566484201597
10376,0.03382230208169361
10377,0.06521179772317968
10378,0.6825099638457139
10379,0.04372271241851964
10380,0.15547282958751274
10381,0.04241758993556873
10382,0.9208293220154833
10383,0.9993988372545077
10384,0.014487034772098817
10385,0.08416093381940616
10386,0.09997716970823278
10387,0.0032470416172644193
10388,0.11685186576513339
10389,0.01831388018849086
10390,0.5182681337935034
10391,0.0022884260362046214
10392,0.5326403235213877
10393,0.02353342257189371
10394,0.9408392292684744
10395,0.03162609152861549
10396,0.6216232999568005
10397,0.10789146471361291
10398,0.9871700986419252
10399,0.22043482010613868
10400,0.7878943376600891
10401,0.7197374694913058
10402,0.5276740228968513
10403,0.016220459063670235
10404,0.00465138652870849
10405,0.7047466708199146
10406,0.4271210268353235
10407,0.004303411208729833
10408,0.9785251703227241
10409,0.23858774060721907
10410,0.7352526197444015
10411,0.10290383018476862
10412,0.026707498348861294
10413,0.011963956035798144
10414,0.989949234819075
10415,0.213636927468755
10416,0.3767137758175816
10417,0.030554628855960154
10418,0.9836749116981027
10419,0.2070745957020178
10420,0.7445597139228218
10421,0.9911809486820369
10422,0.5995036782430272
10423,0.11975553084848264
10424,0.3039820487379633
10425,0.18495631057080564
10426,0.008651669939646611
10427,0.044252897115350645
10428,0.011093729466237112
10429,0.03479876330168491
10430,0.2569729414585217
10431,0.9219875711915713
10432,0.992420164125938
10433,0.1721478464816
10434,0.005491807478310689
10435,0.012844289646993372
10436,0.0066543278467125575
10437,0.0033385524788927205
10438,0.011020687299130198
10439,0.0012807387035936755
10440,0.0008661756865005773
10441,0.7513333973387966
10442,0.9762850716120931
10443,0.5690894716993644
10444,0.6431815463265612
10445,0.09188237421320956
10446,0.002216531914348678
10447,0.9402632152871532
10448,0.01009821201659332
10449,0.9851807269286594
10450,0.9972088383804663
10451,0.26212439737043536
10452,0.9956472366935216
10453,0.8671466828576557
10454,0.13431809841559317
10455,0.012144818916280766
10456,0.00586508674080445
10457,0.002536795527254946
10458,0.99252448748204
10459,0.03550945897017062
10460,0.0188796394100759
10461,0.42391231004336655
10462,0.35722884889294665
10463,0.02168994103838722
10464,0.9851328124858192
10465,0.02195394512062588
10466,0.20347991848264846
10467,0.03520503989905606
10468,0.7871802898451588
10469,0.5874084388860562
10470,0.7700428773661016
10471,0.006624097490695323
10472,0.9648316502869423
10473,0.07912582373248508
10474,0.13647578507856117
10475,0.0176967182455894
10476,0.08018810253019204
10477,0.9979333580352604
10478,0.941096083844542
10479,0.04373217387451311
10480,0.9932597251979767
10481,0.9783532245752335
10482,0.11799962678232873
10483,0.04304132034854416
10484,0.9896953215179515
10485,0.039886912318976696
10486,0.09440555979119472
10487,0.124065783965595
10488,0.03674341437408218
10489,0.5472485003810615
10490,0.9290473273355913
10491,0.20623704677388519
10492,0.0008640293063580103
10493,0.9967161266792579
10494,0.2910903505953946
10495,0.9911367608127795
10496,0.046185676724119044
10497,0.04342234821023259
10498,0.28491107607672495
10499,0.06828402911257603
10500,0.9932835093246916
10501,0.47535808299248006
10502,0.8286909779774396
10503,0.9682607649201562
10504,0.4160300664627554
10505,0.293856306694389
10506,0.3400766187881873
10507,0.27541002144915927
10508,0.03003818829371841
10509,0.0334093966571596
10510,0.8929256446627538
10511,0.2670576498166532
10512,0.01648967146476839
10513,0.043063283075009416
10514,0.9734418243016193
10515,0.010216703640340328
10516,0.6811671818529879
10517,0.039394170929014635
10518,0.36511647592282825
10519,0.5056176334320562
10520,0.9964284297059485
10521,0.1781912508122008
10522,0.0026402143719850843
10523,0.007250859471099418
10524,0.9580284749522406
10525,0.4682672192599996
10526,0.25373168048298056
10527,0.695950564825719
10528,0.9061532570419883
10529,0.9941347817860156
10530,0.15056945219467588
10531,0.04358474629906922
10532,0.017594051384597423
10533,0.06035883562957016
10534,0.0990781570276939
10535,0.16974389064215534
10536,0.9950050417137013
10537,0.0478887399924925
10538,0.028295771610982
10539,0.06372297633312378
10540,0.5636627528212641
10541,0.9358618337027611
10542,0.07342617345654386
10543,0.9759492740691884
10544,0.9638278945863432
10545,0.9834138296989006
10546,0.9994160878509817
10547,0.9445043885983007
10548,0.024394820123745078
10549,0.9951026600467909
10550,0.16258121048392324
10551,0.006331763708407616
10552,0.013078068525366238
10553,0.03989752625022585
10554,0.9853989380310445
10555,0.05330821371328624
10556,0.2492514504544711
10557,0.051279228822279865
10558,0.9281951415439423
10559,0.9866222888628409
10560,0.06944444448360082
10561,0.0007673740866174495
10562,0.24456249614977318
10563,0.932774098594294
10564,0.6053656295886649
10565,0.00470582220597913
10566,0.5325873236222478
10567,0.05628868545957704
10568,0.04870427983107943
10569,0.0716702165256968
10570,0.43272903518555617
10571,0.1249843547194793
10572,0.06413672608071662
10573,0.22667526541113953
10574,0.9859964653396571
10575,0.0032206397734452956
10576,0.01934399258136588
10577,0.9881818914025711
10578,0.9295133042175494
10579,0.0533381865254321
10580,0.001692205686961829
10581,0.008136556367158237
10582,0.983679456883813
10583,0.996325955679825
10584,0.0071900326568180165
10585,0.9857290958136478
10586,0.4469795720232775
10587,0.9632082781932741
10588,0.010368132607733185
10589,0.1436630666885265
10590,0.547970792425489
10591,0.004820713793372113
10592,0.6804309632792191
10593,0.020187481337568463
10594,0.03458713653179063
10595,0.0028588917094007214
10596,0.24287910638738192
10597,0.9625335589663802
10598,0.12023331396464565
10599,0.06188910610087739
10600,0.022319821343190174
10601,0.6182274263900388
10602,0.05465193237398157
10603,0.9887271961859643
10604,0.0011484261138839538
10605,0.9393651004996082
10606,0.994486977596369
10607,0.009180212673166991
10608,0.02380875326958804
10609,0.23532161136586793
10610,0.012975989452632428
10611,0.9375358970489208
10612,0.014922664352287323
10613,0.04355584949354642
10614,0.009888009900663791
10615,0.029370896700832316
10616,0.18745854719883082
10617,0.5518861434574067
10618,0.9873534763310475
10619,0.0028089231704738174
10620,0.9794027182536041
10621,0.06905999500122226
10622,0.4342263492681701
10623,0.09900872038654311
10624,0.18537063806507437
10625,0.18605726498267172
10626,0.11369674690186662
10627,0.10368051261361455
10628,0.3452837743767259
10629,0.0020377964044653004
10630,0.9953679204853043
10631,0.0019376203936573668
10632,0.026718687562900998
10633,0.014628676229700236
10634,0.4706103634620275
10635,0.9733213311989394
10636,0.9384370732005333
10637,0.9991429762455234
10638,0.06984330294063831
10639,0.2394158804368139
10640,0.15404057211433086
10641,0.23892653120209897
10642,0.6467236910737613
10643,0.0015900388483901836
10644,0.008044426542277909
10645,0.9992658777879518
10646,0.003288604321360097
10647,0.004147154300738056
10648,0.002088964742665489
10649,0.9862229364224829
10650,0.12004897138004898
10651,0.21532277385104137
10652,0.9984105168670647
10653,0.6449065247916066
10654,0.978689209026345
10655,0.21333486660369666
10656,0.997145366959757
10657,0.2093573446359582
10658,0.38644309521343256
10659,0.008955535362721687
10660,0.001169170463213669
10661,0.9866256680666778
10662,0.031167501028979926
10663,0.1646831798883256
10664,0.05984551159391155
10665,0.0033167441577753726
10666,0.7561004731127414
10667,0.5114073037386726
10668,0.7153021569950899
10669,0.0032723522050290958
10670,0.015996594930264695
10671,0.0021965452539936866
10672,0.0009748489521992919
10673,0.10770964701041535
10674,0.39829762497217963
10675,0.2073992309178359
10676,0.07024608910653951
10677,0.9726599886910872
10678,0.1466470183960152
10679,0.02099764879647573
10680,0.0022853236014248233
10681,0.8213560476244475
10682,0.0336505125600587
10683,0.7566508144863293
10684,0.033811521216337855
10685,0.9826302914879999
10686,0.9970321540455538
10687,0.00915724015506392
10688,0.012838018810344512
10689,0.9575598053486475
10690,0.006004218028875726
10691,0.36478843397252647
10692,0.944932999416006
10693,0.9648280227065835
10694,0.004054530023895119
10695,0.5494492190288306
10696,0.12425004147337276
10697,0.022824616015484068
10698,0.9223820925948878
10699,0.9993003608909543
10700,0.9545712882295518
10701,0.2241662443577184
10702,0.0027315638801444354
10703,0.9857334865043567
10704,0.4929405033789003
10705,0.9954095784479925
10706,0.631510130643508
10707,0.9741906779070206
10708,0.004118368519194733
10709,0.19715634690280046
10710,0.009992755251761997
10711,0.0018875078334444548
10712,0.1885705131921921
10713,0.036239630047019133
10714,0.0009641692891481054
10715,0.08445857048031803
10716,0.8390715800809315
10717,0.14317882074112037
10718,0.0009085593270214796
10719,0.6296319510392482
10720,0.8841569696701633
10721,0.9895721266319097
10722,0.9740382116329667
10723,0.9847619082637622
10724,0.0032160591812954637
10725,0.19393009085159402
10726,0.5245213049025594
10727,0.996968469532854
10728,0.02559726790234405
10729,0.04760295448093482
10730,0.016903542439282757
10731,0.9987660767104722
10732,0.05626423022284295
10733,0.12383121655837065
10734,0.06771647007142717
10735,0.9951878682205542
10736,0.006035008465963574
10737,0.2171407137075823
10738,0.0018724061571994185
10739,0.977599915907334
10740,0.25080500751407425
10741,0.20838795494611947
10742,0.8233265451566815
10743,0.00240507951537323
10744,0.8684290150317225
10745,0.08417958185286241
10746,0.8780536810463965
10747,0.014283760299891311
10748,0.9847902465432696
10749,0.9990725948305217
10750,0.9318802789860272
10751,0.012809635257514718
10752,0.01891418519742734
10753,0.15103278257217242
10754,0.42161882603279993
10755,0.009248580387249484
10756,0.08548966197990528
10757,0.8932500338740165
10758,0.6333346942988008
10759,0.06042373660276525
10760,0.1592875352588159
10761,0.007623974508204439
10762,0.06098007295737258
10763,0.20024063437292053
10764,0.9839464108436717
10765,0.8658803322544688
10766,0.03353519309108434
10767,0.3263668745571463
10768,0.0017312258870203138
10769,0.1851989387978299
10770,0.9971353812270521
10771,0.06923951761684387
10772,0.006875986555085745
10773,0.0014649268917819452
10774,0.013665713137422833
10775,0.35819567392822804
10776,0.6191222446196726
10777,0.010925215713341218
10778,0.02382521105742534
10779,0.9048980208695603
10780,0.0019561575312861987
10781,0.012291179983602886
10782,0.0014023358488119797
10783,0.93342023155913
10784,0.26190200907339034
10785,0.5084855519986669
10786,0.9857783475841453
10787,0.07446643431476543
10788,0.005047851725975085
10789,0.9986413672584575
10790,0.5536604482186511
10791,0.13464092741081912
10792,0.006169716967767002
10793,0.710015337997727
10794,0.2837365391966189
10795,0.486041291052237
10796,0.038978995093004114
10797,0.08641258550975733
10798,0.9008632870176184
10799,0.4194816280518135
10800,0.13425979871583546
10801,0.008078805757121763
10802,0.0030312133909468197
10803,0.02829551157169667
10804,0.9942034001231848
10805,0.883776625401832
10806,0.017976040215971323
10807,0.05236174286058506
10808,0.02644572823406043
10809,0.13997016542978805
10810,0.965508923140806
10811,0.07882305363261723
10812,0.01724897556677396
10813,0.022997837996546908
10814,0.020158277877064798
10815,0.5645024418811525
10816,0.05358454409460727
10817,0.9937372373791844
10818,0.0650214936865949
10819,0.0765575618001253
10820,0.006270707047596599
10821,0.19349044679310035
10822,0.026184419038784098
10823,0.03036624435842405
10824,0.001873779000500272
10825,0.0708054057178119
10826,0.08828626589733805
10827,0.002645554405884662
10828,0.9320859006339783
10829,0.15184302119574578
10830,0.08249942624669859
10831,0.27003557207399215
10832,0.23357808486453738
10833,0.014509927361325153
10834,0.05851776245954621
10835,0.595086688244588
10836,0.01833727097192706
10837,0.642391902896676
10838,0.7619426918214738
10839,0.3730714955638543
10840,0.0157830263197678
10841,0.12627371968579174
10842,0.9631872061205722
10843,0.9947601708109424
10844,0.5920003144611088
10845,0.1038327510473454
10846,0.03806752404709618
10847,0.03297359016221843
10848,0.2231958340580265
10849,0.016756935416544227
10850,0.29617449312559024
10851,0.3258441450479162
10852,0.9634898544524239
10853,0.023500431101297636
10854,0.0005478366875302997
10855,0.007759434772584154
10856,0.09621979793917593
10857,0.02133242810582873
10858,0.10794242766752392
10859,0.9935356122787165
10860,0.15021889117498063
10861,0.019286626046501967
10862,0.061227458305127394
10863,0.30988644078875266
10864,0.9753798938908056
10865,0.2329354195799836
10866,0.11260888940415906
10867,0.04007903461398683
10868,0.0398431848028654
10869,0.9950785086050741
10870,0.3372999880845903
10871,0.020316568679696785
10872,0.02518875305331418
10873,0.07052651405094619
10874,0.997715985252503
10875,0.23370098878713072
10876,0.07234598246119578
10877,0.03576197164472693
10878,0.0038922740197660476
10879,0.9666105917937771
10880,0.03211760398847575
10881,0.9632581006048746
10882,0.9475523803548235
10883,0.6906436575017313
10884,0.9900658550244474
10885,0.003929631841733756
10886,0.8355335863418281
10887,0.04644506388669299
10888,0.9775700457848229
10889,0.05106608611251115
10890,0.8921861265601687
10891,0.004940782689514859
10892,0.005683638964655579
10893,0.988865145030738
10894,0.9906008910019151
10895,0.9837033809762739
10896,0.03659974670514384
10897,0.018594389157780278
10898,0.020948671172550365
10899,0.0025516592912310926
10900,0.00879514753822128
10901,0.3587670277153957
10902,0.04780999382844283
10903,0.09258646005770033
10904,0.008230411733540024
10905,0.594024174513955
10906,0.05557670467998149
10907,0.05353976689890836
10908,0.8325186146118899
10909,0.009066800105683667
10910,0.9861538171245177
10911,0.9928444365105182
10912,0.005745928346636888
10913,0.9802697760374227
10914,0.9991334590573426
10915,0.8560625548569765
10916,0.9983290367245049
10917,0.15508417825350784
10918,0.420126444610283
10919,0.18524981395022405
10920,0.9894703100537828
10921,0.9980924767685032
10922,0.9822358307025844
10923,0.8507738687577615
10924,0.47460327397874974
10925,0.044167627383475454
10926,0.777246103402422
10927,0.006602347378873903
10928,0.4722056742315799
10929,0.9740286737260546
10930,0.277583402362033
10931,0.1616384506160323
10932,0.010814162259817859
10933,0.13141576492163543
10934,0.2540241392955296
10935,0.9906644253515593
10936,0.5513886277356185
10937,0.2607545065995297
10938,0.988360217910863
10939,0.3336445682775153
10940,0.8551467320682435
10941,0.9982721979093492
10942,0.7439491043945908
10943,0.004349360756218085
10944,0.04682523910993955
10945,0.12143051386107329
10946,0.012150119655993158
10947,0.09928146269949903
10948,0.0018136692309203826
10949,0.026821491469095092
10950,0.0044937475936191835
10951,0.9855264856199235
10952,0.027624463311187106
10953,0.01107653223794679
10954,0.05931783798013604
10955,0.33484552010107266
10956,0.49672806656532287
10957,0.0015015679158296952
10958,0.007620538147706861
10959,0.003148786940558533
10960,0.9920591468811478
10961,0.40690870233964915
10962,0.5380895675557843
10963,0.3530800442682751
10964,0.0009279079079404183
10965,0.8757470555471333
10966,0.9772147803079301
10967,0.9843936724127873
10968,0.2698819780900791
10969,0.053852019515550194
10970,0.07137846625879521
10971,0.06744152098527882
10972,0.5342186622272375
10973,0.6966998680932234
10974,0.35954682428254003
10975,0.8154463378741408
10976,0.11641062748968695
10977,0.9913353394113996
10978,0.07751751632108189
10979,0.0017764846231616818
10980,0.9887656858538317
10981,0.5936670150128951
10982,0.9935603147743414
10983,0.04500498544655685
10984,0.014979570050913979
10985,0.984664822246289
10986,0.04494448717424895
10987,0.04973123193144158
10988,0.25918021502711225
10989,0.028452575692319224
10990,0.020135105576489398
10991,0.1086395183694776
10992,0.022381157148286968
10993,0.06571148825669541
10994,0.003251522858258469
10995,0.28926857152171787
10996,0.44344784030463413
10997,0.026146660169565086
10998,0.032250370484463095
10999,0.05798879498591132
11000,0.009021644698123736
11001,0.01939989439600541
11002,0.3160411738685918
11003,0.5195364025123128
11004,0.99711435666944
11005,0.005720890015741559
11006,0.0033648438858364968
11007,0.16464401935803505
11008,0.36858156635468575
11009,0.03566152777801364
11010,0.09152112792995212
11011,0.0010261278000605958
11012,0.12992179240853646
11013,0.5124901142686988
11014,0.024504575352003143
11015,0.1309848275740904
11016,0.0025717561993106692
11017,0.9664353462240367
11018,0.0037127568552699644
11019,0.033531635917502876
11020,0.9438020378669605
11021,0.004724760997731518
11022,0.24150118536377618
11023,0.0029592659418870054
11024,0.9287988282052644
11025,0.14359883555272904
11026,0.5896099939054953
11027,0.3215270516862987
11028,0.9652586250964228
11029,0.005325922918099841
11030,0.007858702675196887
11031,0.01114737490961288
11032,0.9675325229242748
11033,0.15019626397014035
11034,0.011024452095552015
11035,0.9406863414764238
11036,0.04186638264234699
11037,0.996810168988548
11038,0.36018471303782423
11039,0.9926939428398478
11040,0.00231395030871489
11041,0.03458419387084945
11042,0.9944420791594979
11043,0.02867367632310179
11044,0.18037316857861718
11045,0.9761154429878129
11046,0.03153071162740869
11047,0.49037663051424185
11048,0.03176777968038345
11049,0.00665513884668238
11050,0.861602828874966
11051,0.4441215018341018
11052,0.3159083109465458
11053,0.526077819799918
11054,0.996971844342673
11055,0.8569050201293056
11056,0.18923577316442203
11057,0.03915697984920282
11058,0.07358762597367975
11059,0.009022167252026425
11060,0.33210018563771715
11061,0.8069503192934897
11062,0.9944034802292077
11063,0.0023839271947130097
11064,0.8942721333721453
11065,0.9971381698728181
11066,0.021049720653663395
11067,0.06519323064541754
11068,0.9636352780376561
11069,0.9727801298661786
11070,0.020595856100024644
11071,0.013383082436249933
11072,0.9878698282510316
11073,0.006575288499360728
11074,0.9970824649217687
11075,0.15382503365955447
11076,0.10078804233640123
11077,0.012551645373586186
11078,0.7112653953744279
11079,0.008166077746656097
11080,0.0011760950262475372
11081,0.023521770019475766
11082,0.940001791051486
11083,0.11917231765197633
11084,0.022038138824902544
11085,0.11375205323875998
11086,0.1440637332176452
11087,0.004877498707654201
11088,0.002307672097599071
11089,0.9970940163186612
11090,0.9914163849411692
11091,0.006852033568957061
11092,0.978566691830631
11093,0.8901362644765287
11094,0.04067857409677938
11095,0.9724224107191524
11096,0.16534212686225253
11097,0.10025949792748395
11098,0.11014010631592232
11099,0.9754060603333616
11100,0.17572537814974923
11101,0.15919881733097246
11102,0.03364650427957771
11103,0.9831513897702489
11104,0.008204291461994634
11105,0.19740038062354376
11106,0.9809868848801032
11107,0.9942555150009509
11108,0.12284982567314474
11109,0.9926183809503617
11110,0.04575660052899001
11111,0.9772274342074835
11112,0.06477975844146552
11113,0.0016313654130448206
11114,0.26401133183052516
11115,0.45808911131061913
11116,0.13134318649218046
11117,0.9851207792060884
11118,0.13922604551411058
11119,0.9865485172809437
11120,0.007013216436198005
11121,0.15896955378893665
11122,0.009526413830510025
11123,0.9992445453362938
11124,0.8430301020224659
11125,0.9964812393908665
11126,0.016473839944287208
11127,0.08710721374135152
11128,0.9571375456496158
11129,0.0022348765229885208
11130,0.06624108153586897
11131,0.9707667579801365
11132,0.11590576511030015
11133,0.8964124858246273
11134,0.10021144357569715
11135,0.95400665294643
11136,0.12450480278072729
11137,0.0052537525794980515
11138,0.992679152187961
11139,0.015706811100292213
11140,0.9809378437720657
11141,0.01689020776175606
11142,0.1482607156550909
11143,0.988192838831898
11144,0.026252783927725933
11145,0.09945555496846709
11146,0.9844043240159358
11147,0.008518551178739987
11148,0.9976971675760963
11149,0.03914439130193128
11150,0.8543061419959406
11151,0.019864884877342295
11152,0.02679248225796877
11153,0.9012583247609287
11154,0.02117361640643291
11155,0.25695148623753405
11156,0.018719557614558704
11157,0.39003128995498715
11158,0.9852995158631574
11159,0.012380462348211756
11160,0.9767734951027267
11161,0.9950274959385659
11162,0.43363148814390984
11163,0.94034351190031
11164,0.014655031285019125
11165,0.4549626543380545
11166,0.1736516466056418
11167,0.02463613956854054
11168,0.9958176597404376
11169,0.6395524778219045
11170,0.013372073201613356
11171,0.8604080060822641
11172,0.01322455248148208
11173,0.0030510476540057136
11174,0.07602718395036977
11175,0.5285306695549221
11176,0.014704112914894662
11177,0.9911534872095102
11178,0.0032805639237068135
11179,0.0031961195296827316
11180,0.961921982815807
11181,0.07200785678949637
11182,0.9795810081563048
11183,0.5100388415048326
11184,0.0013080843209721145
11185,0.9731542898851979
11186,0.06762845031159616
11187,0.9931000300739362
11188,0.027501162043861153
11189,0.2066087554610473
11190,0.07798743333366895
11191,0.9986708153944046
11192,0.13984418570683202
11193,0.14384573878420806
11194,0.1423981789858222
11195,0.1450421717735207
11196,0.013908040954727693
11197,0.08732456414457608
11198,0.7281407475387475
11199,0.9637708385179609
11200,0.12447623901956201
11201,0.005846091954654477
11202,0.004432350415723848
11203,0.0667854519402229
11204,0.004264590774089454
11205,0.019952206785609855
11206,0.007464191766644508
11207,0.17849296043649487
11208,0.013631275369215233
11209,0.9912139121340163
11210,0.007734617944426656
11211,0.04534912654836197
11212,0.0994199983900467
11213,0.0068752242942405955
11214,0.9363085148120323
11215,0.06592829084381321
11216,0.3796780455614778
11217,0.31331385463595446
11218,0.11439959395545463
11219,0.998251159502619
11220,0.3471680261859941
11221,0.5422927979118103
11222,0.193834196945209
11223,0.0010858185704857215
11224,0.03108324794635189
11225,0.9990647353615829
11226,0.0036136755388044162
11227,0.10257954671815749
11228,0.3896640514554743
11229,0.1277095695760133
11230,0.003986668974079375
11231,0.9957338325905025
